entry_mode,rr_ratio,total_trades,wins,win_rate,avg_return
fvg_top,1.0,195,54,27.69,-14.04
fvg_top,1.2,187,48,25.67,-13.31
fvg_top,1.5,186,43,23.12,-13.39
fvg_top,2.0,174,32,18.39,-13.96
fvg_top,2.5,162,29,17.9,-12.74
fvg_top,3.0,162,28,17.28,-11.97
fvg_mid,1.0,202,56,27.72,-14.19
fvg_mid,1.2,195,49,25.13,-14.16
fvg_mid,1.5,194,44,22.68,-14.05
fvg_mid,2.0,182,34,18.68,-14.54
fvg_mid,2.5,167,31,18.56,-12.96
fvg_mid,3.0,167,31,18.56,-11.98
ob_open,1.0,211,58,27.49,-14.84
ob_open,1.2,205,54,26.34,-14.44
ob_open,1.5,202,45,22.28,-15.19
ob_open,2.0,191,36,18.85,-14.7
ob_open,2.5,180,34,18.89,-13.63
ob_open,3.0,179,31,17.32,-13.05
ote_705,1.0,210,43,20.48,-16.76
ote_705,1.2,204,38,18.63,-16.38
ote_705,1.5,203,33,16.26,-16.88
ote_705,2.0,191,29,15.18,-16.11
ote_705,2.5,181,24,13.26,-15.71
ote_705,3.0,181,23,12.71,-15.26
ob_pa_limit,1.0,118,20,16.95,-11.48
ob_pa_limit,1.2,113,18,15.93,-10.88
ob_pa_limit,1.5,112,16,14.29,-10.79
ob_pa_limit,2.0,108,11,10.19,-11.08
ob_pa_limit,2.5,101,9,8.91,-10.61
ob_pa_limit,3.0,101,9,8.91,-10.34
pa_ob,1.0,565,217,38.41,-27.63
pa_ob,1.2,548,214,39.05,-25.98
pa_ob,1.5,513,182,35.48,-26.1
pa_ob,2.0,468,146,31.2,-23.28
pa_ob,2.5,439,130,29.61,-20.6
pa_ob,3.0,408,110,26.96,-18.37
