archetype,pa_filter,trend_filter,target_rr,holding_mode,use_breakeven,trades,wins,win_rate,avg_net_pnl,stocks_active
dr_discount_pa,tbf_only,ema20,0.8,swing,True,248,112,45.16,-26.45,5
dr_discount_pa,tbf_only,ema20,0.8,swing,False,248,143,57.66,-20.9,5
dr_discount_pa,tbf_only,ema20,0.8,day_trade,True,272,63,23.16,-24.15,5
dr_discount_pa,tbf_only,ema20,0.8,day_trade,False,272,76,27.94,-21.57,5
dr_discount_pa,tbf_only,ema20,1.0,swing,True,247,102,41.3,-23.51,5
dr_discount_pa,tbf_only,ema20,1.0,swing,False,242,127,52.48,-19.87,5
dr_discount_pa,tbf_only,ema20,1.0,day_trade,True,271,62,22.88,-22.71,5
dr_discount_pa,tbf_only,ema20,1.0,day_trade,False,270,73,27.04,-20.16,5
dr_discount_pa,tbf_only,ema20,1.2,swing,True,245,91,37.14,-21.92,5
dr_discount_pa,tbf_only,ema20,1.2,swing,False,234,116,49.57,-17.6,5
dr_discount_pa,tbf_only,ema20,1.2,day_trade,True,270,58,21.48,-22.7,5
dr_discount_pa,tbf_only,ema20,1.2,day_trade,False,267,69,25.84,-20.24,5
dr_discount_pa,tbf_only,ema20,1.5,swing,True,243,77,31.69,-20.3,5
dr_discount_pa,tbf_only,ema20,1.5,swing,False,226,104,46.02,-13.86,5
dr_discount_pa,tbf_only,ema20,1.5,day_trade,True,270,54,20.0,-23.42,5
dr_discount_pa,tbf_only,ema20,1.5,day_trade,False,267,67,25.09,-20.83,5
dr_discount_pa,tbf_only,ema20,2.0,swing,True,241,66,27.39,-16.78,5
dr_discount_pa,tbf_only,ema20,2.0,swing,False,217,90,41.47,-9.24,5
dr_discount_pa,tbf_only,ema20,2.0,day_trade,True,270,54,20.0,-22.87,5
dr_discount_pa,tbf_only,ema20,2.0,day_trade,False,267,67,25.09,-19.77,5
dr_discount_pa,tbf_only,ema_golden,0.8,swing,True,467,219,46.9,-49.13,5
dr_discount_pa,tbf_only,ema_golden,0.8,swing,False,467,265,56.75,-41.07,5
dr_discount_pa,tbf_only,ema_golden,0.8,day_trade,True,516,142,27.52,-40.55,5
dr_discount_pa,tbf_only,ema_golden,0.8,day_trade,False,516,156,30.23,-37.72,5
dr_discount_pa,tbf_only,ema_golden,1.0,swing,True,464,197,42.46,-43.72,5
dr_discount_pa,tbf_only,ema_golden,1.0,swing,False,450,240,53.33,-35.64,5
dr_discount_pa,tbf_only,ema_golden,1.0,day_trade,True,513,128,24.95,-39.36,5
dr_discount_pa,tbf_only,ema_golden,1.0,day_trade,False,502,144,28.69,-35.69,5
dr_discount_pa,tbf_only,ema_golden,1.2,swing,True,454,169,37.22,-41.23,5
dr_discount_pa,tbf_only,ema_golden,1.2,swing,False,432,211,48.84,-34.16,5
dr_discount_pa,tbf_only,ema_golden,1.2,day_trade,True,504,119,23.61,-38.24,5
dr_discount_pa,tbf_only,ema_golden,1.2,day_trade,False,489,134,27.4,-34.54,5
dr_discount_pa,tbf_only,ema_golden,1.5,swing,True,447,152,34.0,-34.24,5
dr_discount_pa,tbf_only,ema_golden,1.5,swing,False,410,185,45.12,-26.97,5
dr_discount_pa,tbf_only,ema_golden,1.5,day_trade,True,499,112,22.44,-37.84,5
dr_discount_pa,tbf_only,ema_golden,1.5,day_trade,False,482,129,26.76,-33.1,5
dr_discount_pa,tbf_only,ema_golden,2.0,swing,True,441,120,27.21,-31.09,5
dr_discount_pa,tbf_only,ema_golden,2.0,swing,False,386,151,39.12,-21.5,5
dr_discount_pa,tbf_only,ema_golden,2.0,day_trade,True,497,111,22.33,-37.19,5
dr_discount_pa,tbf_only,ema_golden,2.0,day_trade,False,480,127,26.46,-32.11,5
dr_discount_pa,tbf_only,none,0.8,swing,True,828,383,46.26,-85.12,5
dr_discount_pa,tbf_only,none,0.8,swing,False,828,481,58.09,-68.24,5
dr_discount_pa,tbf_only,none,0.8,day_trade,True,937,251,26.79,-73.86,5
dr_discount_pa,tbf_only,none,0.8,day_trade,False,937,294,31.38,-66.05,5
dr_discount_pa,tbf_only,none,1.0,swing,True,823,337,40.95,-77.01,5
dr_discount_pa,tbf_only,none,1.0,swing,False,788,424,53.81,-59.67,5
dr_discount_pa,tbf_only,none,1.0,day_trade,True,931,226,24.27,-71.76,5
dr_discount_pa,tbf_only,none,1.0,day_trade,False,913,268,29.35,-63.36,5
dr_discount_pa,tbf_only,none,1.2,swing,True,809,293,36.22,-73.46,5
dr_discount_pa,tbf_only,none,1.2,swing,False,756,385,50.93,-50.51,5
dr_discount_pa,tbf_only,none,1.2,day_trade,True,921,211,22.91,-72.23,5
dr_discount_pa,tbf_only,none,1.2,day_trade,False,898,255,28.4,-62.84,5
dr_discount_pa,tbf_only,none,1.5,swing,True,798,260,32.58,-62.91,5
dr_discount_pa,tbf_only,none,1.5,swing,False,718,336,46.8,-38.5,5
dr_discount_pa,tbf_only,none,1.5,day_trade,True,914,199,21.77,-71.88,5
dr_discount_pa,tbf_only,none,1.5,day_trade,False,883,240,27.18,-61.6,5
dr_discount_pa,tbf_only,none,2.0,swing,True,786,211,26.84,-54.99,5
dr_discount_pa,tbf_only,none,2.0,swing,False,676,278,41.12,-28.16,5
dr_discount_pa,tbf_only,none,2.0,day_trade,True,909,194,21.34,-71.8,5
dr_discount_pa,tbf_only,none,2.0,day_trade,False,877,235,26.8,-59.76,5
dr_discount_pa,pin_only,ema20,0.8,swing,True,372,173,46.51,-37.6,5
dr_discount_pa,pin_only,ema20,0.8,swing,False,372,218,58.6,-30.19,5
dr_discount_pa,pin_only,ema20,0.8,day_trade,True,455,114,25.05,-33.96,5
dr_discount_pa,pin_only,ema20,0.8,day_trade,False,455,137,30.11,-29.3,5
dr_discount_pa,pin_only,ema20,1.0,swing,True,367,149,40.6,-34.44,5
dr_discount_pa,pin_only,ema20,1.0,swing,False,353,189,53.54,-27.03,5
dr_discount_pa,pin_only,ema20,1.0,day_trade,True,452,101,22.35,-33.47,5
dr_discount_pa,pin_only,ema20,1.0,day_trade,False,443,119,26.86,-29.35,5
dr_discount_pa,pin_only,ema20,1.2,swing,True,360,132,36.67,-31.73,5
dr_discount_pa,pin_only,ema20,1.2,swing,False,335,163,48.66,-25.51,5
dr_discount_pa,pin_only,ema20,1.2,day_trade,True,448,91,20.31,-34.27,5
dr_discount_pa,pin_only,ema20,1.2,day_trade,False,433,107,24.71,-30.42,5
dr_discount_pa,pin_only,ema20,1.5,swing,True,354,119,33.62,-26.68,5
dr_discount_pa,pin_only,ema20,1.5,swing,False,317,141,44.48,-21.44,5
dr_discount_pa,pin_only,ema20,1.5,day_trade,True,448,89,19.87,-33.39,5
dr_discount_pa,pin_only,ema20,1.5,day_trade,False,428,103,24.07,-30.28,5
dr_discount_pa,pin_only,ema20,2.0,swing,True,351,101,28.77,-21.74,5
dr_discount_pa,pin_only,ema20,2.0,swing,False,306,126,41.18,-13.07,5
dr_discount_pa,pin_only,ema20,2.0,day_trade,True,448,87,19.42,-33.06,5
dr_discount_pa,pin_only,ema20,2.0,day_trade,False,428,102,23.83,-28.66,5
dr_discount_pa,pin_only,ema_golden,0.8,swing,True,688,312,45.35,-74.16,5
dr_discount_pa,pin_only,ema_golden,0.8,swing,False,688,392,56.98,-60.49,5
dr_discount_pa,pin_only,ema_golden,0.8,day_trade,True,840,225,26.79,-65.05,5
dr_discount_pa,pin_only,ema_golden,0.8,day_trade,False,840,270,32.14,-56.06,5
dr_discount_pa,pin_only,ema_golden,1.0,swing,True,678,271,39.97,-67.84,5
dr_discount_pa,pin_only,ema_golden,1.0,swing,False,647,342,52.86,-52.06,5
dr_discount_pa,pin_only,ema_golden,1.0,day_trade,True,831,205,24.67,-62.6,5
dr_discount_pa,pin_only,ema_golden,1.0,day_trade,False,807,239,29.62,-53.57,5
dr_discount_pa,pin_only,ema_golden,1.2,swing,True,655,223,34.05,-63.92,5
dr_discount_pa,pin_only,ema_golden,1.2,swing,False,606,289,47.69,-49.01,5
dr_discount_pa,pin_only,ema_golden,1.2,day_trade,True,816,177,21.69,-63.72,5
dr_discount_pa,pin_only,ema_golden,1.2,day_trade,False,785,214,27.26,-53.83,5
dr_discount_pa,pin_only,ema_golden,1.5,swing,True,639,195,30.52,-55.29,5
dr_discount_pa,pin_only,ema_golden,1.5,swing,False,558,241,43.19,-42.15,5
dr_discount_pa,pin_only,ema_golden,1.5,day_trade,True,803,167,20.8,-61.52,5
dr_discount_pa,pin_only,ema_golden,1.5,day_trade,False,765,202,26.41,-52.39,5
dr_discount_pa,pin_only,ema_golden,2.0,swing,True,623,162,26.0,-46.33,5
dr_discount_pa,pin_only,ema_golden,2.0,swing,False,523,202,38.62,-30.6,5
dr_discount_pa,pin_only,ema_golden,2.0,day_trade,True,795,162,20.38,-59.78,5
dr_discount_pa,pin_only,ema_golden,2.0,day_trade,False,751,195,25.97,-48.66,5
dr_discount_pa,pin_only,none,0.8,swing,True,1251,567,45.32,-132.95,5
dr_discount_pa,pin_only,none,0.8,swing,False,1251,723,57.79,-105.98,5
dr_discount_pa,pin_only,none,0.8,day_trade,True,1540,413,26.82,-118.11,5
dr_discount_pa,pin_only,none,0.8,day_trade,False,1540,508,32.99,-99.95,5
dr_discount_pa,pin_only,none,1.0,swing,True,1231,484,39.32,-122.82,5
dr_discount_pa,pin_only,none,1.0,swing,False,1160,616,53.1,-92.7,5
dr_discount_pa,pin_only,none,1.0,day_trade,True,1518,368,24.24,-115.09,5
dr_discount_pa,pin_only,none,1.0,day_trade,False,1470,445,30.27,-96.42,5
dr_discount_pa,pin_only,none,1.2,swing,True,1191,401,33.67,-115.57,5
dr_discount_pa,pin_only,none,1.2,swing,False,1067,513,48.08,-86.57,5
dr_discount_pa,pin_only,none,1.2,day_trade,True,1484,320,21.56,-116.26,5
dr_discount_pa,pin_only,none,1.2,day_trade,False,1417,398,28.09,-96.82,5
dr_discount_pa,pin_only,none,1.5,swing,True,1164,349,29.98,-101.07,5
dr_discount_pa,pin_only,none,1.5,swing,False,995,436,43.82,-72.8,5
dr_discount_pa,pin_only,none,1.5,day_trade,True,1467,304,20.72,-113.41,5
dr_discount_pa,pin_only,none,1.5,day_trade,False,1388,374,26.95,-94.88,5
dr_discount_pa,pin_only,none,2.0,swing,True,1129,275,24.36,-91.2,5
dr_discount_pa,pin_only,none,2.0,swing,False,912,354,38.82,-54.48,5
dr_discount_pa,pin_only,none,2.0,day_trade,True,1449,287,19.81,-114.4,5
dr_discount_pa,pin_only,none,2.0,day_trade,False,1355,352,25.98,-92.82,5
dr_discount_pa,pz_only,ema20,0.8,swing,True,185,80,43.24,-21.23,5
dr_discount_pa,pz_only,ema20,0.8,swing,False,185,100,54.05,-17.46,5
dr_discount_pa,pz_only,ema20,0.8,day_trade,True,197,53,26.9,-17.36,5
dr_discount_pa,pz_only,ema20,0.8,day_trade,False,197,65,32.99,-14.61,5
dr_discount_pa,pz_only,ema20,1.0,swing,True,184,68,36.96,-20.07,5
dr_discount_pa,pz_only,ema20,1.0,swing,False,180,89,49.44,-15.59,5
dr_discount_pa,pz_only,ema20,1.0,day_trade,True,196,48,24.49,-16.91,5
dr_discount_pa,pz_only,ema20,1.0,day_trade,False,194,60,30.93,-13.82,5
dr_discount_pa,pz_only,ema20,1.2,swing,True,183,58,31.69,-19.46,5
dr_discount_pa,pz_only,ema20,1.2,swing,False,178,82,46.07,-14.64,5
dr_discount_pa,pz_only,ema20,1.2,day_trade,True,195,42,21.54,-17.25,5
dr_discount_pa,pz_only,ema20,1.2,day_trade,False,192,56,29.17,-14.06,5
dr_discount_pa,pz_only,ema20,1.5,swing,True,183,51,27.87,-18.86,5
dr_discount_pa,pz_only,ema20,1.5,swing,False,176,71,40.34,-15.84,5
dr_discount_pa,pz_only,ema20,1.5,day_trade,True,195,42,21.54,-16.76,5
dr_discount_pa,pz_only,ema20,1.5,day_trade,False,191,55,28.8,-13.5,5
dr_discount_pa,pz_only,ema20,2.0,swing,True,181,41,22.65,-17.41,5
dr_discount_pa,pz_only,ema20,2.0,swing,False,172,63,36.63,-11.44,5
dr_discount_pa,pz_only,ema20,2.0,day_trade,True,195,42,21.54,-16.38,5
dr_discount_pa,pz_only,ema20,2.0,day_trade,False,191,55,28.8,-13.33,5
dr_discount_pa,pz_only,ema_golden,0.8,swing,True,328,144,43.9,-40.37,5
dr_discount_pa,pz_only,ema_golden,0.8,swing,False,328,174,53.05,-34.95,5
dr_discount_pa,pz_only,ema_golden,0.8,day_trade,True,353,103,29.18,-31.03,5
dr_discount_pa,pz_only,ema_golden,0.8,day_trade,False,353,121,34.28,-27.09,5
dr_discount_pa,pz_only,ema_golden,1.0,swing,True,323,123,38.08,-37.3,5
dr_discount_pa,pz_only,ema_golden,1.0,swing,False,317,154,48.58,-32.15,5
dr_discount_pa,pz_only,ema_golden,1.0,day_trade,True,348,95,27.3,-29.26,5
dr_discount_pa,pz_only,ema_golden,1.0,day_trade,False,345,111,32.17,-25.21,5
dr_discount_pa,pz_only,ema_golden,1.2,swing,True,321,108,33.64,-34.97,5
dr_discount_pa,pz_only,ema_golden,1.2,swing,False,309,140,45.31,-29.75,5
dr_discount_pa,pz_only,ema_golden,1.2,day_trade,True,347,86,24.78,-29.04,5
dr_discount_pa,pz_only,ema_golden,1.2,day_trade,False,341,103,30.21,-24.79,5
dr_discount_pa,pz_only,ema_golden,1.5,swing,True,317,91,28.71,-33.9,5
dr_discount_pa,pz_only,ema_golden,1.5,swing,False,298,118,39.6,-30.4,5
dr_discount_pa,pz_only,ema_golden,1.5,day_trade,True,343,82,23.91,-28.9,5
dr_discount_pa,pz_only,ema_golden,1.5,day_trade,False,334,100,29.94,-24.18,5
dr_discount_pa,pz_only,ema_golden,2.0,swing,True,312,69,22.12,-32.98,5
dr_discount_pa,pz_only,ema_golden,2.0,swing,False,292,100,34.25,-27.02,5
dr_discount_pa,pz_only,ema_golden,2.0,day_trade,True,340,80,23.53,-28.31,5
dr_discount_pa,pz_only,ema_golden,2.0,day_trade,False,331,97,29.31,-25.07,5
dr_discount_pa,pz_only,none,0.8,swing,True,582,263,45.19,-68.8,5
dr_discount_pa,pz_only,none,0.8,swing,False,582,316,54.3,-59.22,5
dr_discount_pa,pz_only,none,0.8,day_trade,True,633,187,29.54,-58.39,5
dr_discount_pa,pz_only,none,0.8,day_trade,False,633,220,34.76,-51.63,5
dr_discount_pa,pz_only,none,1.0,swing,True,575,227,39.48,-63.9,5
dr_discount_pa,pz_only,none,1.0,swing,False,565,279,49.38,-55.46,5
dr_discount_pa,pz_only,none,1.0,day_trade,True,624,167,26.76,-56.05,5
dr_discount_pa,pz_only,none,1.0,day_trade,False,619,196,31.66,-50.03,5
dr_discount_pa,pz_only,none,1.2,swing,True,569,199,34.97,-59.17,5
dr_discount_pa,pz_only,none,1.2,swing,False,550,261,47.45,-46.66,5
dr_discount_pa,pz_only,none,1.2,day_trade,True,622,151,24.28,-56.42,5
dr_discount_pa,pz_only,none,1.2,day_trade,False,612,182,29.74,-49.48,5
dr_discount_pa,pz_only,none,1.5,swing,True,561,168,29.95,-56.35,5
dr_discount_pa,pz_only,none,1.5,swing,False,524,224,42.75,-42.58,5
dr_discount_pa,pz_only,none,1.5,day_trade,True,615,144,23.41,-56.02,5
dr_discount_pa,pz_only,none,1.5,day_trade,False,601,174,28.95,-48.38,5
dr_discount_pa,pz_only,none,2.0,swing,True,551,134,24.32,-51.4,5
dr_discount_pa,pz_only,none,2.0,swing,False,508,191,37.6,-33.83,5
dr_discount_pa,pz_only,none,2.0,day_trade,True,612,141,23.04,-55.72,5
dr_discount_pa,pz_only,none,2.0,day_trade,False,597,169,28.31,-48.91,5
dr_discount_pa,tbf_or_pin,ema20,0.8,swing,True,429,195,45.45,-43.57,5
dr_discount_pa,tbf_or_pin,ema20,0.8,swing,False,429,253,58.97,-33.44,5
dr_discount_pa,tbf_or_pin,ema20,0.8,day_trade,True,538,127,23.61,-42.92,5
dr_discount_pa,tbf_or_pin,ema20,0.8,day_trade,False,538,156,29.0,-36.97,5
dr_discount_pa,tbf_or_pin,ema20,1.0,swing,True,422,169,40.05,-39.72,5
dr_discount_pa,tbf_or_pin,ema20,1.0,swing,False,405,217,53.58,-30.67,5
dr_discount_pa,tbf_or_pin,ema20,1.0,day_trade,True,533,115,21.58,-41.73,5
dr_discount_pa,tbf_or_pin,ema20,1.0,day_trade,False,522,137,26.25,-35.54,5
dr_discount_pa,tbf_or_pin,ema20,1.2,swing,True,414,150,36.23,-36.92,5
dr_discount_pa,tbf_or_pin,ema20,1.2,swing,False,382,189,49.48,-27.94,5
dr_discount_pa,tbf_or_pin,ema20,1.2,day_trade,True,528,104,19.7,-42.6,5
dr_discount_pa,tbf_or_pin,ema20,1.2,day_trade,False,508,123,24.21,-36.24,5
dr_discount_pa,tbf_or_pin,ema20,1.5,swing,True,406,131,32.27,-31.84,5
dr_discount_pa,tbf_or_pin,ema20,1.5,swing,False,358,164,45.81,-21.74,5
dr_discount_pa,tbf_or_pin,ema20,1.5,day_trade,True,527,99,18.79,-42.44,5
dr_discount_pa,tbf_or_pin,ema20,1.5,day_trade,False,501,118,23.55,-36.42,5
dr_discount_pa,tbf_or_pin,ema20,2.0,swing,True,401,113,28.18,-25.49,5
dr_discount_pa,tbf_or_pin,ema20,2.0,swing,False,340,144,42.35,-12.28,5
dr_discount_pa,tbf_or_pin,ema20,2.0,day_trade,True,527,98,18.6,-41.38,5
dr_discount_pa,tbf_or_pin,ema20,2.0,day_trade,False,500,118,23.6,-33.92,5
dr_discount_pa,tbf_or_pin,ema_golden,0.8,swing,True,771,345,44.75,-85.05,5
dr_discount_pa,tbf_or_pin,ema_golden,0.8,swing,False,771,432,56.03,-69.42,5
dr_discount_pa,tbf_or_pin,ema_golden,0.8,day_trade,True,958,255,26.62,-76.5,5
dr_discount_pa,tbf_or_pin,ema_golden,0.8,day_trade,False,958,302,31.52,-66.89,5
dr_discount_pa,tbf_or_pin,ema_golden,1.0,swing,True,756,301,39.81,-76.87,5
dr_discount_pa,tbf_or_pin,ema_golden,1.0,swing,False,720,375,52.08,-59.39,5
dr_discount_pa,tbf_or_pin,ema_golden,1.0,day_trade,True,946,227,24.0,-73.84,5
dr_discount_pa,tbf_or_pin,ema_golden,1.0,day_trade,False,914,264,28.88,-62.73,5
dr_discount_pa,tbf_or_pin,ema_golden,1.2,swing,True,727,249,34.25,-73.05,5
dr_discount_pa,tbf_or_pin,ema_golden,1.2,swing,False,672,319,47.47,-54.97,5
dr_discount_pa,tbf_or_pin,ema_golden,1.2,day_trade,True,924,197,21.32,-73.82,5
dr_discount_pa,tbf_or_pin,ema_golden,1.2,day_trade,False,881,233,26.45,-61.64,5
dr_discount_pa,tbf_or_pin,ema_golden,1.5,swing,True,703,215,30.58,-62.82,5
dr_discount_pa,tbf_or_pin,ema_golden,1.5,swing,False,609,266,43.68,-43.79,5
dr_discount_pa,tbf_or_pin,ema_golden,1.5,day_trade,True,904,181,20.02,-71.27,5
dr_discount_pa,tbf_or_pin,ema_golden,1.5,day_trade,False,850,214,25.18,-59.35,5
dr_discount_pa,tbf_or_pin,ema_golden,2.0,swing,True,682,177,25.95,-53.06,5
dr_discount_pa,tbf_or_pin,ema_golden,2.0,swing,False,564,216,38.3,-33.69,5
dr_discount_pa,tbf_or_pin,ema_golden,2.0,day_trade,True,895,177,19.78,-69.43,5
dr_discount_pa,tbf_or_pin,ema_golden,2.0,day_trade,False,834,208,24.94,-55.89,5
dr_discount_pa,tbf_or_pin,none,0.8,swing,True,1402,629,44.86,-149.5,5
dr_discount_pa,tbf_or_pin,none,0.8,swing,False,1402,807,57.56,-117.81,5
dr_discount_pa,tbf_or_pin,none,0.8,day_trade,True,1776,466,26.24,-139.72,5
dr_discount_pa,tbf_or_pin,none,0.8,day_trade,False,1776,578,32.55,-118.25,5
dr_discount_pa,tbf_or_pin,none,1.0,swing,True,1378,541,39.26,-136.42,5
dr_discount_pa,tbf_or_pin,none,1.0,swing,False,1302,688,52.84,-102.87,5
dr_discount_pa,tbf_or_pin,none,1.0,day_trade,True,1751,410,23.42,-136.02,5
dr_discount_pa,tbf_or_pin,none,1.0,day_trade,False,1690,502,29.7,-112.81,5
dr_discount_pa,tbf_or_pin,none,1.2,swing,True,1324,447,33.76,-130.39,5
dr_discount_pa,tbf_or_pin,none,1.2,swing,False,1184,573,48.4,-92.06,5
dr_discount_pa,tbf_or_pin,none,1.2,day_trade,True,1706,357,20.93,-137.36,5
dr_discount_pa,tbf_or_pin,none,1.2,day_trade,False,1615,443,27.43,-112.83,5
dr_discount_pa,tbf_or_pin,none,1.5,swing,True,1288,387,30.05,-112.85,5
dr_discount_pa,tbf_or_pin,none,1.5,swing,False,1089,485,44.54,-72.15,5
dr_discount_pa,tbf_or_pin,none,1.5,day_trade,True,1681,334,19.87,-133.92,5
dr_discount_pa,tbf_or_pin,none,1.5,day_trade,False,1567,409,26.1,-109.25,5
dr_discount_pa,tbf_or_pin,none,2.0,swing,True,1238,303,24.47,-100.34,5
dr_discount_pa,tbf_or_pin,none,2.0,swing,False,976,379,38.83,-56.27,5
dr_discount_pa,tbf_or_pin,none,2.0,day_trade,True,1655,316,19.09,-134.63,5
dr_discount_pa,tbf_or_pin,none,2.0,day_trade,False,1523,385,25.28,-106.81,5
dr_discount_pa,all,ema20,0.8,swing,True,506,226,44.66,-55.68,5
dr_discount_pa,all,ema20,0.8,swing,False,506,293,57.91,-43.42,5
dr_discount_pa,all,ema20,0.8,day_trade,True,629,153,24.32,-54.89,5
dr_discount_pa,all,ema20,0.8,day_trade,False,629,191,30.37,-46.98,5
dr_discount_pa,all,ema20,1.0,swing,True,494,193,39.07,-50.33,5
dr_discount_pa,all,ema20,1.0,swing,False,469,249,53.09,-37.12,5
dr_discount_pa,all,ema20,1.0,day_trade,True,620,136,21.94,-52.98,5
dr_discount_pa,all,ema20,1.0,day_trade,False,607,168,27.68,-43.87,5
dr_discount_pa,all,ema20,1.2,swing,True,483,167,34.58,-48.21,5
dr_discount_pa,all,ema20,1.2,swing,False,441,215,48.75,-34.45,5
dr_discount_pa,all,ema20,1.2,day_trade,True,612,122,19.93,-54.33,5
dr_discount_pa,all,ema20,1.2,day_trade,False,587,149,25.38,-45.25,5
dr_discount_pa,all,ema20,1.5,swing,True,471,144,30.57,-42.09,5
dr_discount_pa,all,ema20,1.5,swing,False,412,183,44.42,-29.71,5
dr_discount_pa,all,ema20,1.5,day_trade,True,608,116,19.08,-52.95,5
dr_discount_pa,all,ema20,1.5,day_trade,False,575,142,24.7,-43.99,5
dr_discount_pa,all,ema20,2.0,swing,True,466,123,26.39,-35.5,5
dr_discount_pa,all,ema20,2.0,swing,False,391,159,40.66,-19.52,5
dr_discount_pa,all,ema20,2.0,day_trade,True,607,115,18.95,-51.16,5
dr_discount_pa,all,ema20,2.0,day_trade,False,572,140,24.48,-41.78,5
dr_discount_pa,all,ema_golden,0.8,swing,True,871,388,44.55,-99.62,5
dr_discount_pa,all,ema_golden,0.8,swing,False,871,484,55.57,-82.06,5
dr_discount_pa,all,ema_golden,0.8,day_trade,True,1087,295,27.14,-92.73,5
dr_discount_pa,all,ema_golden,0.8,day_trade,False,1087,353,32.47,-80.67,5
dr_discount_pa,all,ema_golden,1.0,swing,True,849,330,38.87,-91.01,5
dr_discount_pa,all,ema_golden,1.0,swing,False,797,414,51.94,-68.14,5
dr_discount_pa,all,ema_golden,1.0,day_trade,True,1068,259,24.25,-89.69,5
dr_discount_pa,all,ema_golden,1.0,day_trade,False,1029,309,30.03,-73.28,5
dr_discount_pa,all,ema_golden,1.2,swing,True,819,275,33.58,-86.72,5
dr_discount_pa,all,ema_golden,1.2,swing,False,739,353,47.77,-60.62,5
dr_discount_pa,all,ema_golden,1.2,day_trade,True,1043,229,21.96,-89.22,5
dr_discount_pa,all,ema_golden,1.2,day_trade,False,984,274,27.85,-71.53,5
dr_discount_pa,all,ema_golden,1.5,swing,True,788,231,29.31,-77.03,5
dr_discount_pa,all,ema_golden,1.5,swing,False,662,284,42.9,-53.25,5
dr_discount_pa,all,ema_golden,1.5,day_trade,True,1018,207,20.33,-86.74,5
dr_discount_pa,all,ema_golden,1.5,day_trade,False,939,246,26.2,-68.93,5
dr_discount_pa,all,ema_golden,2.0,swing,True,763,189,24.77,-66.18,5
dr_discount_pa,all,ema_golden,2.0,swing,False,606,224,36.96,-43.42,5
dr_discount_pa,all,ema_golden,2.0,day_trade,True,1002,201,20.06,-83.78,5
dr_discount_pa,all,ema_golden,2.0,day_trade,False,918,236,25.71,-65.5,5
dr_discount_pa,all,none,0.8,swing,True,1560,697,44.68,-173.54,5
dr_discount_pa,all,none,0.8,swing,False,1560,888,56.92,-138.9,5
dr_discount_pa,all,none,0.8,day_trade,True,2002,531,26.52,-169.11,5
dr_discount_pa,all,none,0.8,day_trade,False,2002,661,33.02,-143.58,5
dr_discount_pa,all,none,1.0,swing,True,1523,591,38.8,-158.68,5
dr_discount_pa,all,none,1.0,swing,False,1427,748,52.42,-118.91,5
dr_discount_pa,all,none,1.0,day_trade,True,1966,466,23.7,-163.45,5
dr_discount_pa,all,none,1.0,day_trade,False,1900,573,30.16,-134.75,5
dr_discount_pa,all,none,1.2,swing,True,1458,489,33.54,-149.87,5
dr_discount_pa,all,none,1.2,swing,False,1289,620,48.1,-104.95,5
dr_discount_pa,all,none,1.2,day_trade,True,1914,408,21.32,-163.37,5
dr_discount_pa,all,none,1.2,day_trade,False,1804,505,27.99,-132.55,5
dr_discount_pa,all,none,1.5,swing,True,1399,409,29.24,-133.34,5
dr_discount_pa,all,none,1.5,swing,False,1168,509,43.58,-88.75,5
dr_discount_pa,all,none,1.5,day_trade,True,1875,373,19.89,-160.14,5
dr_discount_pa,all,none,1.5,day_trade,False,1734,455,26.24,-128.95,5
dr_discount_pa,all,none,2.0,swing,True,1342,323,24.07,-117.24,5
dr_discount_pa,all,none,2.0,swing,False,1040,393,37.79,-69.63,5
dr_discount_pa,all,none,2.0,day_trade,True,1840,353,19.18,-158.25,5
dr_discount_pa,all,none,2.0,day_trade,False,1679,425,25.31,-126.36,5
dr_sweep_pa,tbf_only,ema_golden,0.8,swing,True,75,33,44.0,-8.47,5
dr_sweep_pa,tbf_only,ema_golden,0.8,swing,False,75,43,57.33,-6.82,5
dr_sweep_pa,tbf_only,ema_golden,0.8,day_trade,True,78,21,26.92,-4.91,5
dr_sweep_pa,tbf_only,ema_golden,0.8,day_trade,False,78,24,30.77,-4.38,5
dr_sweep_pa,tbf_only,ema_golden,1.0,swing,True,75,26,34.67,-8.53,5
dr_sweep_pa,tbf_only,ema_golden,1.0,swing,False,74,39,52.7,-5.98,5
dr_sweep_pa,tbf_only,ema_golden,1.0,day_trade,True,78,18,23.08,-4.97,5
dr_sweep_pa,tbf_only,ema_golden,1.0,day_trade,False,77,22,28.57,-4.17,5
dr_sweep_pa,tbf_only,ema_golden,1.2,swing,True,75,23,30.67,-8.09,5
dr_sweep_pa,tbf_only,ema_golden,1.2,swing,False,73,36,49.32,-5.26,5
dr_sweep_pa,tbf_only,ema_golden,1.2,day_trade,True,78,18,23.08,-4.55,5
dr_sweep_pa,tbf_only,ema_golden,1.2,day_trade,False,77,22,28.57,-3.62,5
dr_sweep_pa,tbf_only,ema_golden,1.5,swing,True,75,20,26.67,-7.65,5
dr_sweep_pa,tbf_only,ema_golden,1.5,swing,False,72,33,45.83,-4.42,5
dr_sweep_pa,tbf_only,ema_golden,1.5,day_trade,True,78,16,20.51,-4.88,5
dr_sweep_pa,tbf_only,ema_golden,1.5,day_trade,False,76,20,26.32,-3.63,5
dr_sweep_pa,tbf_only,ema_golden,2.0,swing,True,75,18,24.0,-6.29,5
dr_sweep_pa,tbf_only,ema_golden,2.0,swing,False,70,29,41.43,-2.6,5
dr_sweep_pa,tbf_only,ema_golden,2.0,day_trade,True,78,16,20.51,-4.48,5
dr_sweep_pa,tbf_only,ema_golden,2.0,day_trade,False,76,20,26.32,-3.04,5
dr_sweep_pa,tbf_only,none,0.8,swing,True,132,60,45.45,-12.78,5
dr_sweep_pa,tbf_only,none,0.8,swing,False,132,83,62.88,-8.95,5
dr_sweep_pa,tbf_only,none,0.8,day_trade,True,145,37,25.52,-10.51,5
dr_sweep_pa,tbf_only,none,0.8,day_trade,False,145,43,29.66,-9.49,5
dr_sweep_pa,tbf_only,none,1.0,swing,True,132,51,38.64,-12.11,5
dr_sweep_pa,tbf_only,none,1.0,swing,False,129,74,57.36,-7.91,5
dr_sweep_pa,tbf_only,none,1.0,day_trade,True,145,32,22.07,-10.67,5
dr_sweep_pa,tbf_only,none,1.0,day_trade,False,142,39,27.46,-9.28,5
dr_sweep_pa,tbf_only,none,1.2,swing,True,132,46,34.85,-11.17,5
dr_sweep_pa,tbf_only,none,1.2,swing,False,128,70,54.69,-6.11,5
dr_sweep_pa,tbf_only,none,1.2,day_trade,True,145,32,22.07,-10.1,5
dr_sweep_pa,tbf_only,none,1.2,day_trade,False,142,39,27.46,-8.5,5
dr_sweep_pa,tbf_only,none,1.5,swing,True,131,38,29.01,-10.65,5
dr_sweep_pa,tbf_only,none,1.5,swing,False,125,62,49.6,-5.11,5
dr_sweep_pa,tbf_only,none,1.5,day_trade,True,145,30,20.69,-10.24,5
dr_sweep_pa,tbf_only,none,1.5,day_trade,False,141,37,26.24,-8.41,5
dr_sweep_pa,tbf_only,none,2.0,swing,True,131,35,26.72,-7.99,5
dr_sweep_pa,tbf_only,none,2.0,swing,False,122,57,46.72,-0.83,5
dr_sweep_pa,tbf_only,none,2.0,day_trade,True,145,30,20.69,-10.04,5
dr_sweep_pa,tbf_only,none,2.0,day_trade,False,141,37,26.24,-7.98,5
dr_sweep_pa,pin_only,ema20,0.8,swing,True,46,29,63.04,-2.79,5
dr_sweep_pa,pin_only,ema20,0.8,swing,False,46,31,67.39,-2.33,5
dr_sweep_pa,pin_only,ema20,0.8,day_trade,True,51,11,21.57,-3.3,5
dr_sweep_pa,pin_only,ema20,0.8,day_trade,False,51,12,23.53,-3.0,5
dr_sweep_pa,pin_only,ema20,1.0,swing,True,46,26,56.52,-2.2,5
dr_sweep_pa,pin_only,ema20,1.0,swing,False,44,29,65.91,-1.23,5
dr_sweep_pa,pin_only,ema20,1.0,day_trade,True,51,10,19.61,-3.25,5
dr_sweep_pa,pin_only,ema20,1.0,day_trade,False,50,11,22.0,-3.02,5
dr_sweep_pa,pin_only,ema20,1.2,swing,True,46,22,47.83,-2.02,5
dr_sweep_pa,pin_only,ema20,1.2,swing,False,42,26,61.9,-0.47,5
dr_sweep_pa,pin_only,ema20,1.2,day_trade,True,51,7,13.73,-3.77,5
dr_sweep_pa,pin_only,ema20,1.2,day_trade,False,49,9,18.37,-3.33,5
dr_sweep_pa,pin_only,ema20,1.5,swing,True,46,20,43.48,-1.25,5
dr_sweep_pa,pin_only,ema20,1.5,swing,False,41,24,58.54,0.49,5
dr_sweep_pa,pin_only,ema20,1.5,day_trade,True,51,7,13.73,-3.72,5
dr_sweep_pa,pin_only,ema20,1.5,day_trade,False,49,9,18.37,-3.28,5
dr_sweep_pa,pin_only,ema20,2.0,swing,True,46,18,39.13,0.04,5
dr_sweep_pa,pin_only,ema20,2.0,swing,False,41,23,56.1,2.32,5
dr_sweep_pa,pin_only,ema20,2.0,day_trade,True,51,7,13.73,-3.62,5
dr_sweep_pa,pin_only,ema20,2.0,day_trade,False,49,9,18.37,-3.18,5
dr_sweep_pa,pin_only,ema_golden,0.8,swing,True,124,65,52.42,-10.83,5
dr_sweep_pa,pin_only,ema_golden,0.8,swing,False,124,77,62.1,-8.7,5
dr_sweep_pa,pin_only,ema_golden,0.8,day_trade,True,136,42,30.88,-8.78,5
dr_sweep_pa,pin_only,ema_golden,0.8,day_trade,False,136,47,34.56,-7.78,5
dr_sweep_pa,pin_only,ema_golden,1.0,swing,True,124,56,45.16,-10.01,5
dr_sweep_pa,pin_only,ema_golden,1.0,swing,False,119,71,59.66,-6.41,5
dr_sweep_pa,pin_only,ema_golden,1.0,day_trade,True,136,39,28.68,-8.46,5
dr_sweep_pa,pin_only,ema_golden,1.0,day_trade,False,134,45,33.58,-7.18,5
dr_sweep_pa,pin_only,ema_golden,1.2,swing,True,124,49,39.52,-9.31,5
dr_sweep_pa,pin_only,ema_golden,1.2,swing,False,116,62,53.45,-6.24,5
dr_sweep_pa,pin_only,ema_golden,1.2,day_trade,True,136,35,25.74,-8.56,5
dr_sweep_pa,pin_only,ema_golden,1.2,day_trade,False,133,42,31.58,-7.19,5
dr_sweep_pa,pin_only,ema_golden,1.5,swing,True,124,43,34.68,-8.24,5
dr_sweep_pa,pin_only,ema_golden,1.5,swing,False,113,55,48.67,-5.47,5
dr_sweep_pa,pin_only,ema_golden,1.5,day_trade,True,136,32,23.53,-9.06,5
dr_sweep_pa,pin_only,ema_golden,1.5,day_trade,False,132,40,30.3,-7.58,5
dr_sweep_pa,pin_only,ema_golden,2.0,swing,True,124,36,29.03,-6.67,5
dr_sweep_pa,pin_only,ema_golden,2.0,swing,False,109,46,42.2,-4.15,5
dr_sweep_pa,pin_only,ema_golden,2.0,day_trade,True,136,31,22.79,-9.22,5
dr_sweep_pa,pin_only,ema_golden,2.0,day_trade,False,132,39,29.55,-7.53,5
dr_sweep_pa,pin_only,none,0.8,swing,True,236,125,52.97,-18.48,5
dr_sweep_pa,pin_only,none,0.8,swing,False,236,155,65.68,-13.39,5
dr_sweep_pa,pin_only,none,0.8,day_trade,True,260,75,28.85,-17.05,5
dr_sweep_pa,pin_only,none,0.8,day_trade,False,260,89,34.23,-14.54,5
dr_sweep_pa,pin_only,none,1.0,swing,True,236,111,47.03,-16.19,5
dr_sweep_pa,pin_only,none,1.0,swing,False,227,143,63.0,-9.24,5
dr_sweep_pa,pin_only,none,1.0,day_trade,True,260,68,26.15,-16.76,5
dr_sweep_pa,pin_only,none,1.0,day_trade,False,254,82,32.28,-13.97,5
dr_sweep_pa,pin_only,none,1.2,swing,True,236,97,41.1,-14.9,5
dr_sweep_pa,pin_only,none,1.2,swing,False,216,123,56.94,-8.69,5
dr_sweep_pa,pin_only,none,1.2,day_trade,True,260,62,23.85,-17.25,5
dr_sweep_pa,pin_only,none,1.2,day_trade,False,252,76,30.16,-14.83,5
dr_sweep_pa,pin_only,none,1.5,swing,True,236,86,36.44,-12.34,5
dr_sweep_pa,pin_only,none,1.5,swing,False,210,110,52.38,-6.33,5
dr_sweep_pa,pin_only,none,1.5,day_trade,True,260,57,21.92,-18.23,5
dr_sweep_pa,pin_only,none,1.5,day_trade,False,251,72,28.69,-16.08,5
dr_sweep_pa,pin_only,none,2.0,swing,True,236,74,31.36,-8.57,5
dr_sweep_pa,pin_only,none,2.0,swing,False,202,98,48.51,-0.55,5
dr_sweep_pa,pin_only,none,2.0,day_trade,True,260,56,21.54,-18.09,5
dr_sweep_pa,pin_only,none,2.0,day_trade,False,251,71,28.29,-15.94,5
dr_sweep_pa,pz_only,ema_golden,0.8,swing,True,34,21,61.76,-3.17,4
dr_sweep_pa,pz_only,ema_golden,0.8,swing,False,34,22,64.71,-3.01,4
dr_sweep_pa,pz_only,ema_golden,0.8,day_trade,True,35,12,34.29,-2.88,4
dr_sweep_pa,pz_only,ema_golden,0.8,day_trade,False,35,13,37.14,-2.72,4
dr_sweep_pa,pz_only,ema_golden,1.0,swing,True,34,18,52.94,-2.86,4
dr_sweep_pa,pz_only,ema_golden,1.0,swing,False,34,20,58.82,-2.86,4
dr_sweep_pa,pz_only,ema_golden,1.0,day_trade,True,35,11,31.43,-2.85,4
dr_sweep_pa,pz_only,ema_golden,1.0,day_trade,False,35,12,34.29,-2.62,4
dr_sweep_pa,pz_only,ema_golden,1.2,swing,True,34,14,41.18,-3.16,4
dr_sweep_pa,pz_only,ema_golden,1.2,swing,False,34,18,52.94,-3.11,4
dr_sweep_pa,pz_only,ema_golden,1.2,day_trade,True,35,9,25.71,-3.36,4
dr_sweep_pa,pz_only,ema_golden,1.2,day_trade,False,35,10,28.57,-3.5,4
dr_sweep_pa,pz_only,ema_golden,1.5,swing,True,34,13,38.24,-2.55,4
dr_sweep_pa,pz_only,ema_golden,1.5,swing,False,34,16,47.06,-2.96,4
dr_sweep_pa,pz_only,ema_golden,1.5,day_trade,True,35,9,25.71,-3.29,4
dr_sweep_pa,pz_only,ema_golden,1.5,day_trade,False,35,10,28.57,-3.43,4
dr_sweep_pa,pz_only,ema_golden,2.0,swing,True,34,11,32.35,-2.06,4
dr_sweep_pa,pz_only,ema_golden,2.0,swing,False,34,14,41.18,-2.63,4
dr_sweep_pa,pz_only,ema_golden,2.0,day_trade,True,35,9,25.71,-3.1,4
dr_sweep_pa,pz_only,ema_golden,2.0,day_trade,False,35,10,28.57,-3.24,4
dr_sweep_pa,pz_only,none,0.8,swing,True,75,40,53.33,-8.41,5
dr_sweep_pa,pz_only,none,0.8,swing,False,75,43,57.33,-7.8,5
dr_sweep_pa,pz_only,none,0.8,day_trade,True,78,24,30.77,-7.51,5
dr_sweep_pa,pz_only,none,0.8,day_trade,False,78,26,33.33,-7.06,5
dr_sweep_pa,pz_only,none,1.0,swing,True,75,36,48.0,-7.48,5
dr_sweep_pa,pz_only,none,1.0,swing,False,75,39,52.0,-7.61,5
dr_sweep_pa,pz_only,none,1.0,day_trade,True,78,21,26.92,-7.45,5
dr_sweep_pa,pz_only,none,1.0,day_trade,False,78,23,29.49,-6.87,5
dr_sweep_pa,pz_only,none,1.2,swing,True,75,31,41.33,-7.18,5
dr_sweep_pa,pz_only,none,1.2,swing,False,75,37,49.33,-6.95,5
dr_sweep_pa,pz_only,none,1.2,day_trade,True,78,19,24.36,-7.63,5
dr_sweep_pa,pz_only,none,1.2,day_trade,False,78,21,26.92,-7.35,5
dr_sweep_pa,pz_only,none,1.5,swing,True,75,26,34.67,-6.74,5
dr_sweep_pa,pz_only,none,1.5,swing,False,74,30,40.54,-8.3,5
dr_sweep_pa,pz_only,none,1.5,day_trade,True,78,17,21.79,-7.71,5
dr_sweep_pa,pz_only,none,1.5,day_trade,False,78,18,23.08,-7.8,5
dr_sweep_pa,pz_only,none,2.0,swing,True,75,21,28.0,-6.05,5
dr_sweep_pa,pz_only,none,2.0,swing,False,74,27,36.49,-7.06,5
dr_sweep_pa,pz_only,none,2.0,day_trade,True,78,17,21.79,-7.26,5
dr_sweep_pa,pz_only,none,2.0,day_trade,False,78,18,23.08,-7.35,5
dr_sweep_pa,tbf_or_pin,ema20,0.8,swing,True,55,35,63.64,-3.06,5
dr_sweep_pa,tbf_or_pin,ema20,0.8,swing,False,55,39,70.91,-2.28,5
dr_sweep_pa,tbf_or_pin,ema20,0.8,day_trade,True,64,11,17.19,-4.42,5
dr_sweep_pa,tbf_or_pin,ema20,0.8,day_trade,False,64,12,18.75,-4.12,5
dr_sweep_pa,tbf_or_pin,ema20,1.0,swing,True,55,30,54.55,-2.52,5
dr_sweep_pa,tbf_or_pin,ema20,1.0,swing,False,53,34,64.15,-1.76,5
dr_sweep_pa,tbf_or_pin,ema20,1.0,day_trade,True,64,10,15.62,-4.34,5
dr_sweep_pa,tbf_or_pin,ema20,1.0,day_trade,False,63,11,17.46,-4.11,5
dr_sweep_pa,tbf_or_pin,ema20,1.2,swing,True,55,27,49.09,-1.95,5
dr_sweep_pa,tbf_or_pin,ema20,1.2,swing,False,51,32,62.75,-0.56,5
dr_sweep_pa,tbf_or_pin,ema20,1.2,day_trade,True,64,7,10.94,-4.82,5
dr_sweep_pa,tbf_or_pin,ema20,1.2,day_trade,False,62,9,14.52,-4.38,5
dr_sweep_pa,tbf_or_pin,ema20,1.5,swing,True,54,23,42.59,-1.1,5
dr_sweep_pa,tbf_or_pin,ema20,1.5,swing,False,49,28,57.14,0.14,5
dr_sweep_pa,tbf_or_pin,ema20,1.5,day_trade,True,64,7,10.94,-4.74,5
dr_sweep_pa,tbf_or_pin,ema20,1.5,day_trade,False,62,9,14.52,-4.3,5
dr_sweep_pa,tbf_or_pin,ema20,2.0,swing,True,54,22,40.74,1.03,5
dr_sweep_pa,tbf_or_pin,ema20,2.0,swing,False,49,28,57.14,3.11,5
dr_sweep_pa,tbf_or_pin,ema20,2.0,day_trade,True,64,7,10.94,-4.64,5
dr_sweep_pa,tbf_or_pin,ema20,2.0,day_trade,False,62,9,14.52,-4.2,5
dr_sweep_pa,tbf_or_pin,ema_golden,0.8,swing,True,159,81,50.94,-14.93,5
dr_sweep_pa,tbf_or_pin,ema_golden,0.8,swing,False,159,96,60.38,-12.32,5
dr_sweep_pa,tbf_or_pin,ema_golden,0.8,day_trade,True,178,55,30.9,-10.77,5
dr_sweep_pa,tbf_or_pin,ema_golden,0.8,day_trade,False,178,60,33.71,-9.76,5
dr_sweep_pa,tbf_or_pin,ema_golden,1.0,swing,True,159,66,41.51,-14.66,5
dr_sweep_pa,tbf_or_pin,ema_golden,1.0,swing,False,153,86,56.21,-10.16,5
dr_sweep_pa,tbf_or_pin,ema_golden,1.0,day_trade,True,178,49,27.53,-10.65,5
dr_sweep_pa,tbf_or_pin,ema_golden,1.0,day_trade,False,175,56,32.0,-9.22,5
dr_sweep_pa,tbf_or_pin,ema_golden,1.2,swing,True,159,59,37.11,-13.5,5
dr_sweep_pa,tbf_or_pin,ema_golden,1.2,swing,False,149,77,51.68,-9.19,5
dr_sweep_pa,tbf_or_pin,ema_golden,1.2,day_trade,True,178,45,25.28,-10.42,5
dr_sweep_pa,tbf_or_pin,ema_golden,1.2,day_trade,False,174,53,30.46,-8.91,5
dr_sweep_pa,tbf_or_pin,ema_golden,1.5,swing,True,159,51,32.08,-12.47,5
dr_sweep_pa,tbf_or_pin,ema_golden,1.5,swing,False,144,67,46.53,-8.56,5
dr_sweep_pa,tbf_or_pin,ema_golden,1.5,day_trade,True,178,41,23.03,-11.07,5
dr_sweep_pa,tbf_or_pin,ema_golden,1.5,day_trade,False,171,49,28.65,-9.37,5
dr_sweep_pa,tbf_or_pin,ema_golden,2.0,swing,True,159,45,28.3,-9.53,5
dr_sweep_pa,tbf_or_pin,ema_golden,2.0,swing,False,138,59,42.75,-4.56,5
dr_sweep_pa,tbf_or_pin,ema_golden,2.0,day_trade,True,178,40,22.47,-10.93,5
dr_sweep_pa,tbf_or_pin,ema_golden,2.0,day_trade,False,171,48,28.07,-9.12,5
dr_sweep_pa,tbf_or_pin,none,0.8,swing,True,291,148,50.86,-24.79,5
dr_sweep_pa,tbf_or_pin,none,0.8,swing,False,291,186,63.92,-18.36,5
dr_sweep_pa,tbf_or_pin,none,0.8,day_trade,True,331,95,28.7,-21.08,5
dr_sweep_pa,tbf_or_pin,none,0.8,day_trade,False,331,111,33.53,-18.25,5
dr_sweep_pa,tbf_or_pin,none,1.0,swing,True,291,127,43.64,-22.92,5
dr_sweep_pa,tbf_or_pin,none,1.0,swing,False,278,167,60.07,-14.18,5
dr_sweep_pa,tbf_or_pin,none,1.0,day_trade,True,331,84,25.38,-21.0,5
dr_sweep_pa,tbf_or_pin,none,1.0,day_trade,False,322,100,31.06,-17.75,5
dr_sweep_pa,tbf_or_pin,none,1.2,swing,True,291,113,38.83,-20.97,5
dr_sweep_pa,tbf_or_pin,none,1.2,swing,False,267,148,55.43,-12.23,5
dr_sweep_pa,tbf_or_pin,none,1.2,day_trade,True,331,78,23.56,-20.9,5
dr_sweep_pa,tbf_or_pin,none,1.2,day_trade,False,319,94,29.47,-17.92,5
dr_sweep_pa,tbf_or_pin,none,1.5,swing,True,290,98,33.79,-18.3,5
dr_sweep_pa,tbf_or_pin,none,1.5,swing,False,258,130,50.39,-10.1,5
dr_sweep_pa,tbf_or_pin,none,1.5,day_trade,True,331,72,21.75,-21.83,5
dr_sweep_pa,tbf_or_pin,none,1.5,day_trade,False,316,88,27.85,-18.97,5
dr_sweep_pa,tbf_or_pin,none,2.0,swing,True,290,87,30.0,-12.61,5
dr_sweep_pa,tbf_or_pin,none,2.0,swing,False,246,118,47.97,-0.57,5
dr_sweep_pa,tbf_or_pin,none,2.0,day_trade,True,331,71,21.45,-21.6,5
dr_sweep_pa,tbf_or_pin,none,2.0,day_trade,False,316,87,27.53,-18.8,5
dr_sweep_pa,all,ema20,0.8,swing,True,73,43,58.9,-6.9,5
dr_sweep_pa,all,ema20,0.8,swing,False,73,47,64.38,-6.12,5
dr_sweep_pa,all,ema20,0.8,day_trade,True,84,19,22.62,-6.92,5
dr_sweep_pa,all,ema20,0.8,day_trade,False,84,21,25.0,-6.46,5
dr_sweep_pa,all,ema20,1.0,swing,True,73,38,52.05,-6.0,5
dr_sweep_pa,all,ema20,1.0,swing,False,70,42,60.0,-4.88,5
dr_sweep_pa,all,ema20,1.0,day_trade,True,84,18,21.43,-6.55,5
dr_sweep_pa,all,ema20,1.0,day_trade,False,83,20,24.1,-6.12,5
dr_sweep_pa,all,ema20,1.2,swing,True,73,32,43.84,-5.79,5
dr_sweep_pa,all,ema20,1.2,swing,False,68,39,57.35,-3.77,5
dr_sweep_pa,all,ema20,1.2,day_trade,True,84,13,15.48,-7.44,5
dr_sweep_pa,all,ema20,1.2,day_trade,False,82,16,19.51,-6.92,5
dr_sweep_pa,all,ema20,1.5,swing,True,72,27,37.5,-4.87,5
dr_sweep_pa,all,ema20,1.5,swing,False,65,34,52.31,-2.84,5
dr_sweep_pa,all,ema20,1.5,day_trade,True,84,13,15.48,-7.28,5
dr_sweep_pa,all,ema20,1.5,day_trade,False,82,16,19.51,-6.77,5
dr_sweep_pa,all,ema20,2.0,swing,True,72,26,36.11,-2.27,5
dr_sweep_pa,all,ema20,2.0,swing,False,65,34,52.31,0.81,5
dr_sweep_pa,all,ema20,2.0,day_trade,True,84,13,15.48,-7.0,5
dr_sweep_pa,all,ema20,2.0,day_trade,False,82,16,19.51,-6.49,5
dr_sweep_pa,all,ema_golden,0.8,swing,True,186,96,51.61,-18.6,5
dr_sweep_pa,all,ema_golden,0.8,swing,False,186,114,61.29,-15.48,5
dr_sweep_pa,all,ema_golden,0.8,day_trade,True,207,65,31.4,-14.13,5
dr_sweep_pa,all,ema_golden,0.8,day_trade,False,207,73,35.27,-12.63,5
dr_sweep_pa,all,ema_golden,1.0,swing,True,186,78,41.94,-18.24,5
dr_sweep_pa,all,ema_golden,1.0,swing,False,179,101,56.42,-13.36,5
dr_sweep_pa,all,ema_golden,1.0,day_trade,True,207,57,27.54,-14.1,5
dr_sweep_pa,all,ema_golden,1.0,day_trade,False,204,67,32.84,-12.14,5
dr_sweep_pa,all,ema_golden,1.2,swing,True,186,68,36.56,-17.36,5
dr_sweep_pa,all,ema_golden,1.2,swing,False,175,91,52.0,-12.38,5
dr_sweep_pa,all,ema_golden,1.2,day_trade,True,207,52,25.12,-14.27,5
dr_sweep_pa,all,ema_golden,1.2,day_trade,False,203,63,31.03,-12.56,5
dr_sweep_pa,all,ema_golden,1.5,swing,True,186,57,30.65,-16.68,5
dr_sweep_pa,all,ema_golden,1.5,swing,False,169,79,46.75,-11.65,5
dr_sweep_pa,all,ema_golden,1.5,day_trade,True,207,48,23.19,-14.77,5
dr_sweep_pa,all,ema_golden,1.5,day_trade,False,200,59,29.5,-12.79,5
dr_sweep_pa,all,ema_golden,2.0,swing,True,186,49,26.34,-14.0,5
dr_sweep_pa,all,ema_golden,2.0,swing,False,163,68,41.72,-8.39,5
dr_sweep_pa,all,ema_golden,2.0,day_trade,True,207,47,22.71,-14.46,5
dr_sweep_pa,all,ema_golden,2.0,day_trade,False,200,58,29.0,-12.27,5
dr_sweep_pa,all,none,0.8,swing,True,341,176,51.61,-30.05,5
dr_sweep_pa,all,none,0.8,swing,False,341,219,64.22,-22.67,5
dr_sweep_pa,all,none,0.8,day_trade,True,396,118,29.8,-27.65,5
dr_sweep_pa,all,none,0.8,day_trade,False,396,139,35.1,-23.73,5
dr_sweep_pa,all,none,1.0,swing,True,341,151,44.28,-27.69,5
dr_sweep_pa,all,none,1.0,swing,False,326,196,60.12,-17.99,5
dr_sweep_pa,all,none,1.0,day_trade,True,396,103,26.01,-27.7,5
dr_sweep_pa,all,none,1.0,day_trade,False,387,124,32.04,-23.19,5
dr_sweep_pa,all,none,1.2,swing,True,341,131,38.42,-26.6,5
dr_sweep_pa,all,none,1.2,swing,False,312,173,55.45,-16.62,5
dr_sweep_pa,all,none,1.2,day_trade,True,396,95,23.99,-27.91,5
dr_sweep_pa,all,none,1.2,day_trade,False,383,116,30.29,-23.59,5
dr_sweep_pa,all,none,1.5,swing,True,340,110,32.35,-24.62,5
dr_sweep_pa,all,none,1.5,swing,False,300,151,50.33,-14.03,5
dr_sweep_pa,all,none,1.5,day_trade,True,396,87,21.97,-28.89,5
dr_sweep_pa,all,none,1.5,day_trade,False,380,107,28.16,-24.83,5
dr_sweep_pa,all,none,2.0,swing,True,340,95,27.94,-19.29,5
dr_sweep_pa,all,none,2.0,swing,False,289,136,47.06,-4.12,5
dr_sweep_pa,all,none,2.0,day_trade,True,396,86,21.72,-28.32,5
dr_sweep_pa,all,none,2.0,day_trade,False,379,105,27.7,-24.04,5
ob_retest_pa,tbf_only,ema_golden,0.8,swing,True,39,15,38.46,-4.68,4
ob_retest_pa,tbf_only,ema_golden,0.8,swing,False,39,21,53.85,-3.69,4
ob_retest_pa,tbf_only,ema_golden,0.8,day_trade,True,40,5,12.5,-4.59,4
ob_retest_pa,tbf_only,ema_golden,0.8,day_trade,False,40,7,17.5,-4.27,4
ob_retest_pa,tbf_only,ema_golden,1.0,swing,True,39,14,35.9,-4.16,4
ob_retest_pa,tbf_only,ema_golden,1.0,swing,False,38,19,50.0,-3.26,4
ob_retest_pa,tbf_only,ema_golden,1.0,day_trade,True,40,5,12.5,-4.63,4
ob_retest_pa,tbf_only,ema_golden,1.0,day_trade,False,39,7,17.95,-4.23,4
ob_retest_pa,tbf_only,ema_golden,1.2,swing,True,39,12,30.77,-4.19,4
ob_retest_pa,tbf_only,ema_golden,1.2,swing,False,37,16,43.24,-3.83,4
ob_retest_pa,tbf_only,ema_golden,1.2,day_trade,True,40,5,12.5,-4.59,4
ob_retest_pa,tbf_only,ema_golden,1.2,day_trade,False,39,7,17.95,-4.11,4
ob_retest_pa,tbf_only,ema_golden,1.5,swing,True,39,12,30.77,-3.34,4
ob_retest_pa,tbf_only,ema_golden,1.5,swing,False,37,16,43.24,-2.74,4
ob_retest_pa,tbf_only,ema_golden,1.5,day_trade,True,40,5,12.5,-4.53,4
ob_retest_pa,tbf_only,ema_golden,1.5,day_trade,False,39,7,17.95,-3.93,4
ob_retest_pa,tbf_only,ema_golden,2.0,swing,True,39,9,23.08,-3.21,4
ob_retest_pa,tbf_only,ema_golden,2.0,swing,False,37,12,32.43,-3.47,4
ob_retest_pa,tbf_only,ema_golden,2.0,day_trade,True,40,5,12.5,-4.43,4
ob_retest_pa,tbf_only,ema_golden,2.0,day_trade,False,39,7,17.95,-3.77,4
ob_retest_pa,tbf_only,none,0.8,swing,True,56,26,46.43,-5.84,5
ob_retest_pa,tbf_only,none,0.8,swing,False,56,32,57.14,-4.85,5
ob_retest_pa,tbf_only,none,0.8,day_trade,True,57,9,15.79,-5.83,5
ob_retest_pa,tbf_only,none,0.8,day_trade,False,57,11,19.3,-5.51,5
ob_retest_pa,tbf_only,none,1.0,swing,True,56,22,39.29,-5.53,5
ob_retest_pa,tbf_only,none,1.0,swing,False,54,29,53.7,-4.07,5
ob_retest_pa,tbf_only,none,1.0,day_trade,True,57,6,10.53,-6.35,5
ob_retest_pa,tbf_only,none,1.0,day_trade,False,55,9,16.36,-5.81,5
ob_retest_pa,tbf_only,none,1.2,swing,True,56,19,33.93,-5.48,5
ob_retest_pa,tbf_only,none,1.2,swing,False,53,26,49.06,-4.23,5
ob_retest_pa,tbf_only,none,1.2,day_trade,True,57,6,10.53,-6.31,5
ob_retest_pa,tbf_only,none,1.2,day_trade,False,55,9,16.36,-5.69,5
ob_retest_pa,tbf_only,none,1.5,swing,True,56,19,33.93,-4.22,5
ob_retest_pa,tbf_only,none,1.5,swing,False,53,25,47.17,-3.15,5
ob_retest_pa,tbf_only,none,1.5,day_trade,True,57,6,10.53,-6.25,5
ob_retest_pa,tbf_only,none,1.5,day_trade,False,55,9,16.36,-5.51,5
ob_retest_pa,tbf_only,none,2.0,swing,True,56,15,26.79,-3.78,5
ob_retest_pa,tbf_only,none,2.0,swing,False,52,20,38.46,-3.57,5
ob_retest_pa,tbf_only,none,2.0,day_trade,True,57,6,10.53,-6.15,5
ob_retest_pa,tbf_only,none,2.0,day_trade,False,55,9,16.36,-5.35,5
ob_retest_pa,pin_only,ema20,0.8,swing,True,37,19,51.35,-2.73,3
ob_retest_pa,pin_only,ema20,0.8,swing,False,37,25,67.57,-1.77,3
ob_retest_pa,pin_only,ema20,0.8,day_trade,True,41,10,24.39,-3.14,3
ob_retest_pa,pin_only,ema20,0.8,day_trade,False,41,12,29.27,-2.82,3
ob_retest_pa,pin_only,ema20,1.0,swing,True,37,16,43.24,-2.5,3
ob_retest_pa,pin_only,ema20,1.0,swing,False,37,23,62.16,-1.35,3
ob_retest_pa,pin_only,ema20,1.0,day_trade,True,41,9,21.95,-3.18,3
ob_retest_pa,pin_only,ema20,1.0,day_trade,False,41,11,26.83,-2.72,3
ob_retest_pa,pin_only,ema20,1.2,swing,True,36,13,36.11,-2.42,3
ob_retest_pa,pin_only,ema20,1.2,swing,False,34,20,58.82,-0.8,3
ob_retest_pa,pin_only,ema20,1.2,day_trade,True,40,9,22.5,-3.1,3
ob_retest_pa,pin_only,ema20,1.2,day_trade,False,40,11,27.5,-2.57,3
ob_retest_pa,pin_only,ema20,1.5,swing,True,36,11,30.56,-2.35,3
ob_retest_pa,pin_only,ema20,1.5,swing,False,30,17,56.67,0.17,3
ob_retest_pa,pin_only,ema20,1.5,day_trade,True,40,9,22.5,-2.97,3
ob_retest_pa,pin_only,ema20,1.5,day_trade,False,39,9,23.08,-2.62,3
ob_retest_pa,pin_only,ema20,2.0,swing,True,35,8,22.86,-2.26,3
ob_retest_pa,pin_only,ema20,2.0,day_trade,True,39,8,20.51,-3.07,3
ob_retest_pa,pin_only,ema20,2.0,day_trade,False,38,9,23.68,-2.43,3
ob_retest_pa,pin_only,ema_golden,0.8,swing,True,76,35,46.05,-7.18,5
ob_retest_pa,pin_only,ema_golden,0.8,swing,False,76,46,60.53,-5.42,5
ob_retest_pa,pin_only,ema_golden,0.8,day_trade,True,81,24,29.63,-6.06,5
ob_retest_pa,pin_only,ema_golden,0.8,day_trade,False,81,29,35.8,-5.26,5
ob_retest_pa,pin_only,ema_golden,1.0,swing,True,75,27,36.0,-7.0,5
ob_retest_pa,pin_only,ema_golden,1.0,swing,False,72,40,55.56,-4.82,5
ob_retest_pa,pin_only,ema_golden,1.0,day_trade,True,80,21,26.25,-6.01,5
ob_retest_pa,pin_only,ema_golden,1.0,day_trade,False,77,25,32.47,-5.18,5
ob_retest_pa,pin_only,ema_golden,1.2,swing,True,74,21,28.38,-7.09,5
ob_retest_pa,pin_only,ema_golden,1.2,swing,False,69,34,49.28,-4.8,5
ob_retest_pa,pin_only,ema_golden,1.2,day_trade,True,79,19,24.05,-6.09,5
ob_retest_pa,pin_only,ema_golden,1.2,day_trade,False,76,22,28.95,-5.56,5
ob_retest_pa,pin_only,ema_golden,1.5,swing,True,72,17,23.61,-7.2,5
ob_retest_pa,pin_only,ema_golden,1.5,swing,False,64,28,43.75,-4.62,4
ob_retest_pa,pin_only,ema_golden,1.5,day_trade,True,77,16,20.78,-6.58,5
ob_retest_pa,pin_only,ema_golden,1.5,day_trade,False,74,18,24.32,-6.64,5
ob_retest_pa,pin_only,ema_golden,2.0,swing,True,72,12,16.67,-7.45,5
ob_retest_pa,pin_only,ema_golden,2.0,swing,False,64,21,32.81,-6.13,4
ob_retest_pa,pin_only,ema_golden,2.0,day_trade,True,77,16,20.78,-6.27,5
ob_retest_pa,pin_only,ema_golden,2.0,day_trade,False,74,18,24.32,-6.23,5
ob_retest_pa,pin_only,none,0.8,swing,True,107,54,50.47,-9.23,5
ob_retest_pa,pin_only,none,0.8,swing,False,107,67,62.62,-7.15,5
ob_retest_pa,pin_only,none,0.8,day_trade,True,114,37,32.46,-7.29,5
ob_retest_pa,pin_only,none,0.8,day_trade,False,114,43,37.72,-6.33,5
ob_retest_pa,pin_only,none,1.0,swing,True,105,45,42.86,-8.4,5
ob_retest_pa,pin_only,none,1.0,swing,False,102,59,57.84,-6.06,5
ob_retest_pa,pin_only,none,1.0,day_trade,True,112,34,30.36,-6.99,5
ob_retest_pa,pin_only,none,1.0,day_trade,False,109,39,35.78,-5.97,5
ob_retest_pa,pin_only,none,1.2,swing,True,104,38,36.54,-8.0,5
ob_retest_pa,pin_only,none,1.2,swing,False,99,53,53.54,-5.28,5
ob_retest_pa,pin_only,none,1.2,day_trade,True,111,32,28.83,-6.75,5
ob_retest_pa,pin_only,none,1.2,day_trade,False,108,36,33.33,-5.98,5
ob_retest_pa,pin_only,none,1.5,swing,True,102,32,31.37,-7.7,5
ob_retest_pa,pin_only,none,1.5,swing,False,93,45,48.39,-4.74,5
ob_retest_pa,pin_only,none,1.5,day_trade,True,109,28,25.69,-7.17,5
ob_retest_pa,pin_only,none,1.5,day_trade,False,106,31,29.25,-6.92,5
ob_retest_pa,pin_only,none,2.0,swing,True,101,24,23.76,-7.55,5
ob_retest_pa,pin_only,none,2.0,swing,False,91,36,39.56,-5.54,5
ob_retest_pa,pin_only,none,2.0,day_trade,True,108,27,25.0,-7.2,5
ob_retest_pa,pin_only,none,2.0,day_trade,False,105,31,29.52,-6.72,5
ob_retest_pa,pz_only,ema_golden,0.8,day_trade,True,30,5,16.67,-4.03,3
ob_retest_pa,pz_only,ema_golden,0.8,day_trade,False,30,7,23.33,-3.67,3
ob_retest_pa,pz_only,ema_golden,1.0,day_trade,True,30,5,16.67,-3.97,3
ob_retest_pa,pz_only,ema_golden,1.0,day_trade,False,30,7,23.33,-3.61,3
ob_retest_pa,pz_only,ema_golden,1.2,day_trade,True,30,5,16.67,-3.82,3
ob_retest_pa,pz_only,ema_golden,1.2,day_trade,False,30,7,23.33,-3.42,3
ob_retest_pa,pz_only,ema_golden,1.5,day_trade,True,30,5,16.67,-3.7,3
ob_retest_pa,pz_only,ema_golden,1.5,day_trade,False,30,7,23.33,-3.24,3
ob_retest_pa,pz_only,ema_golden,2.0,day_trade,True,30,4,13.33,-3.84,3
ob_retest_pa,pz_only,ema_golden,2.0,day_trade,False,30,7,23.33,-3.47,3
ob_retest_pa,pz_only,none,0.8,swing,True,40,15,37.5,-7.55,4
ob_retest_pa,pz_only,none,0.8,swing,False,40,17,42.5,-7.16,4
ob_retest_pa,pz_only,none,0.8,day_trade,True,41,6,14.63,-6.28,4
ob_retest_pa,pz_only,none,0.8,day_trade,False,41,9,21.95,-5.7,4
ob_retest_pa,pz_only,none,1.0,swing,True,40,14,35.0,-7.08,4
ob_retest_pa,pz_only,none,1.0,swing,False,40,16,40.0,-6.78,4
ob_retest_pa,pz_only,none,1.0,day_trade,True,41,6,14.63,-6.21,4
ob_retest_pa,pz_only,none,1.0,day_trade,False,41,9,21.95,-5.59,4
ob_retest_pa,pz_only,none,1.2,swing,True,40,14,35.0,-6.45,4
ob_retest_pa,pz_only,none,1.2,swing,False,40,16,40.0,-6.05,4
ob_retest_pa,pz_only,none,1.2,day_trade,True,41,6,14.63,-6.07,4
ob_retest_pa,pz_only,none,1.2,day_trade,False,41,9,21.95,-5.34,4
ob_retest_pa,pz_only,none,1.5,swing,True,40,12,30.0,-6.1,4
ob_retest_pa,pz_only,none,1.5,swing,False,40,14,35.0,-5.95,4
ob_retest_pa,pz_only,none,1.5,day_trade,True,41,6,14.63,-5.95,4
ob_retest_pa,pz_only,none,1.5,day_trade,False,41,9,21.95,-5.08,4
ob_retest_pa,pz_only,none,2.0,swing,True,40,8,20.0,-6.5,4
ob_retest_pa,pz_only,none,2.0,swing,False,40,12,30.0,-5.69,4
ob_retest_pa,pz_only,none,2.0,day_trade,True,41,5,12.2,-6.08,4
ob_retest_pa,pz_only,none,2.0,day_trade,False,41,9,21.95,-5.43,4
ob_retest_pa,tbf_or_pin,ema20,0.8,swing,True,42,24,57.14,-2.23,4
ob_retest_pa,tbf_or_pin,ema20,0.8,swing,False,42,31,73.81,-1.11,4
ob_retest_pa,tbf_or_pin,ema20,0.8,day_trade,True,48,12,25.0,-3.34,4
ob_retest_pa,tbf_or_pin,ema20,0.8,day_trade,False,48,15,31.25,-2.86,4
ob_retest_pa,tbf_or_pin,ema20,1.0,swing,True,41,21,51.22,-1.47,4
ob_retest_pa,tbf_or_pin,ema20,1.0,swing,False,41,29,70.73,-0.2,4
ob_retest_pa,tbf_or_pin,ema20,1.0,day_trade,True,48,11,22.92,-3.34,4
ob_retest_pa,tbf_or_pin,ema20,1.0,day_trade,False,48,14,29.17,-2.68,4
ob_retest_pa,tbf_or_pin,ema20,1.2,swing,True,40,17,42.5,-1.63,4
ob_retest_pa,tbf_or_pin,ema20,1.2,swing,False,38,25,65.79,-0.24,4
ob_retest_pa,tbf_or_pin,ema20,1.2,day_trade,True,47,11,23.4,-3.22,4
ob_retest_pa,tbf_or_pin,ema20,1.2,day_trade,False,47,14,29.79,-2.45,4
ob_retest_pa,tbf_or_pin,ema20,1.5,swing,True,40,15,37.5,-1.31,4
ob_retest_pa,tbf_or_pin,ema20,1.5,swing,False,35,22,62.86,0.93,4
ob_retest_pa,tbf_or_pin,ema20,1.5,day_trade,True,47,11,23.4,-3.03,4
ob_retest_pa,tbf_or_pin,ema20,1.5,day_trade,False,46,12,26.09,-2.38,4
ob_retest_pa,tbf_or_pin,ema20,2.0,swing,True,40,10,25.0,-1.72,4
ob_retest_pa,tbf_or_pin,ema20,2.0,swing,False,34,19,55.88,1.37,3
ob_retest_pa,tbf_or_pin,ema20,2.0,day_trade,True,47,10,21.28,-3.03,4
ob_retest_pa,tbf_or_pin,ema20,2.0,day_trade,False,45,12,26.67,-1.99,4
ob_retest_pa,tbf_or_pin,ema_golden,0.8,swing,True,87,41,47.13,-8.17,5
ob_retest_pa,tbf_or_pin,ema_golden,0.8,swing,False,87,51,58.62,-6.56,5
ob_retest_pa,tbf_or_pin,ema_golden,0.8,day_trade,True,96,27,28.12,-8.11,5
ob_retest_pa,tbf_or_pin,ema_golden,0.8,day_trade,False,96,32,33.33,-7.31,5
ob_retest_pa,tbf_or_pin,ema_golden,1.0,swing,True,85,33,38.82,-7.34,5
ob_retest_pa,tbf_or_pin,ema_golden,1.0,swing,False,82,45,54.88,-5.36,5
ob_retest_pa,tbf_or_pin,ema_golden,1.0,day_trade,True,95,24,25.26,-8.02,5
ob_retest_pa,tbf_or_pin,ema_golden,1.0,day_trade,False,92,28,30.43,-7.19,5
ob_retest_pa,tbf_or_pin,ema_golden,1.2,swing,True,84,27,32.14,-7.31,5
ob_retest_pa,tbf_or_pin,ema_golden,1.2,swing,False,79,39,49.37,-5.44,5
ob_retest_pa,tbf_or_pin,ema_golden,1.2,day_trade,True,94,22,23.4,-8.05,5
ob_retest_pa,tbf_or_pin,ema_golden,1.2,day_trade,False,91,26,28.57,-7.28,5
ob_retest_pa,tbf_or_pin,ema_golden,1.5,swing,True,81,23,28.4,-6.66,5
ob_retest_pa,tbf_or_pin,ema_golden,1.5,swing,False,73,33,45.21,-4.37,4
ob_retest_pa,tbf_or_pin,ema_golden,1.5,day_trade,True,91,19,20.88,-8.23,5
ob_retest_pa,tbf_or_pin,ema_golden,1.5,day_trade,False,87,22,25.29,-7.72,5
ob_retest_pa,tbf_or_pin,ema_golden,2.0,swing,True,81,16,19.75,-6.98,5
ob_retest_pa,tbf_or_pin,ema_golden,2.0,swing,False,73,24,32.88,-6.51,4
ob_retest_pa,tbf_or_pin,ema_golden,2.0,day_trade,True,91,19,20.88,-7.82,5
ob_retest_pa,tbf_or_pin,ema_golden,2.0,day_trade,False,87,22,25.29,-7.11,5
ob_retest_pa,tbf_or_pin,none,0.8,swing,True,122,64,52.46,-9.91,5
ob_retest_pa,tbf_or_pin,none,0.8,swing,False,122,76,62.3,-7.98,5
ob_retest_pa,tbf_or_pin,none,0.8,day_trade,True,134,42,31.34,-9.47,5
ob_retest_pa,tbf_or_pin,none,0.8,day_trade,False,134,48,35.82,-8.51,5
ob_retest_pa,tbf_or_pin,none,1.0,swing,True,119,52,43.7,-8.92,5
ob_retest_pa,tbf_or_pin,none,1.0,swing,False,115,67,58.26,-6.29,5
ob_retest_pa,tbf_or_pin,none,1.0,day_trade,True,132,37,28.03,-9.5,5
ob_retest_pa,tbf_or_pin,none,1.0,day_trade,False,128,43,33.59,-8.34,5
ob_retest_pa,tbf_or_pin,none,1.2,swing,True,117,45,38.46,-8.27,5
ob_retest_pa,tbf_or_pin,none,1.2,swing,False,111,60,54.05,-5.64,5
ob_retest_pa,tbf_or_pin,none,1.2,day_trade,True,130,35,26.92,-9.14,5
ob_retest_pa,tbf_or_pin,none,1.2,day_trade,False,126,41,32.54,-7.99,5
ob_retest_pa,tbf_or_pin,none,1.5,swing,True,114,39,34.21,-7.13,5
ob_retest_pa,tbf_or_pin,none,1.5,swing,False,104,51,49.04,-4.69,5
ob_retest_pa,tbf_or_pin,none,1.5,day_trade,True,127,31,24.41,-9.24,5
ob_retest_pa,tbf_or_pin,none,1.5,day_trade,False,122,36,29.51,-8.29,5
ob_retest_pa,tbf_or_pin,none,2.0,swing,True,114,29,25.44,-7.06,5
ob_retest_pa,tbf_or_pin,none,2.0,swing,False,102,40,39.22,-6.03,5
ob_retest_pa,tbf_or_pin,none,2.0,day_trade,True,127,30,23.62,-9.17,5
ob_retest_pa,tbf_or_pin,none,2.0,day_trade,False,121,36,29.75,-7.89,5
ob_retest_pa,all,ema20,0.8,swing,True,51,30,58.82,-3.27,5
ob_retest_pa,all,ema20,0.8,swing,False,51,37,72.55,-2.12,5
ob_retest_pa,all,ema20,0.8,day_trade,True,58,16,27.59,-4.44,5
ob_retest_pa,all,ema20,0.8,day_trade,False,58,19,32.76,-3.94,5
ob_retest_pa,all,ema20,1.0,swing,True,50,27,54.0,-2.17,5
ob_retest_pa,all,ema20,1.0,swing,False,50,35,70.0,-0.86,5
ob_retest_pa,all,ema20,1.0,day_trade,True,58,15,25.86,-4.31,5
ob_retest_pa,all,ema20,1.0,day_trade,False,58,18,31.03,-3.63,5
ob_retest_pa,all,ema20,1.2,swing,True,50,24,48.0,-1.84,5
ob_retest_pa,all,ema20,1.2,swing,False,48,32,66.67,-0.4,5
ob_retest_pa,all,ema20,1.2,day_trade,True,58,15,25.86,-3.95,5
ob_retest_pa,all,ema20,1.2,day_trade,False,58,18,31.03,-3.14,5
ob_retest_pa,all,ema20,1.5,swing,True,49,19,38.78,-1.76,5
ob_retest_pa,all,ema20,1.5,swing,False,43,26,60.47,0.38,5
ob_retest_pa,all,ema20,1.5,day_trade,True,57,14,24.56,-3.69,5
ob_retest_pa,all,ema20,1.5,day_trade,False,56,16,28.57,-2.93,5
ob_retest_pa,all,ema20,2.0,swing,True,49,14,28.57,-1.81,5
ob_retest_pa,all,ema20,2.0,swing,False,41,22,53.66,0.98,4
ob_retest_pa,all,ema20,2.0,day_trade,True,57,13,22.81,-3.9,5
ob_retest_pa,all,ema20,2.0,day_trade,False,55,16,29.09,-3.05,5
ob_retest_pa,all,ema_golden,0.8,swing,True,97,41,42.27,-12.83,5
ob_retest_pa,all,ema_golden,0.8,swing,False,97,51,52.58,-11.19,5
ob_retest_pa,all,ema_golden,0.8,day_trade,True,109,27,24.77,-11.41,5
ob_retest_pa,all,ema_golden,0.8,day_trade,False,109,32,29.36,-10.59,5
ob_retest_pa,all,ema_golden,1.0,swing,True,95,32,33.68,-12.38,5
ob_retest_pa,all,ema_golden,1.0,swing,False,91,44,48.35,-10.46,5
ob_retest_pa,all,ema_golden,1.0,day_trade,True,108,23,21.3,-11.79,5
ob_retest_pa,all,ema_golden,1.0,day_trade,False,104,27,25.96,-10.72,5
ob_retest_pa,all,ema_golden,1.2,swing,True,95,27,28.42,-12.24,5
ob_retest_pa,all,ema_golden,1.2,swing,False,89,39,43.82,-10.44,5
ob_retest_pa,all,ema_golden,1.2,day_trade,True,108,21,19.44,-11.84,5
ob_retest_pa,all,ema_golden,1.2,day_trade,False,104,25,24.04,-10.82,5
ob_retest_pa,all,ema_golden,1.5,swing,True,93,24,25.81,-11.34,5
ob_retest_pa,all,ema_golden,1.5,swing,False,83,34,40.96,-8.5,5
ob_retest_pa,all,ema_golden,1.5,day_trade,True,106,20,18.87,-11.43,5
ob_retest_pa,all,ema_golden,1.5,day_trade,False,101,23,22.77,-10.27,5
ob_retest_pa,all,ema_golden,2.0,swing,True,93,18,19.35,-11.09,5
ob_retest_pa,all,ema_golden,2.0,swing,False,83,25,30.12,-10.47,5
ob_retest_pa,all,ema_golden,2.0,day_trade,True,106,20,18.87,-11.07,5
ob_retest_pa,all,ema_golden,2.0,day_trade,False,101,23,22.77,-10.0,5
ob_retest_pa,all,none,0.8,swing,True,140,69,49.29,-14.96,5
ob_retest_pa,all,none,0.8,swing,False,140,82,58.57,-12.81,5
ob_retest_pa,all,none,0.8,day_trade,True,155,44,28.39,-13.59,5
ob_retest_pa,all,none,0.8,day_trade,False,155,51,32.9,-12.42,5
ob_retest_pa,all,none,1.0,swing,True,138,57,41.3,-13.97,5
ob_retest_pa,all,none,1.0,swing,False,132,73,55.3,-10.77,5
ob_retest_pa,all,none,1.0,day_trade,True,154,38,24.68,-13.9,5
ob_retest_pa,all,none,1.0,day_trade,False,148,45,30.41,-11.93,5
ob_retest_pa,all,none,1.2,swing,True,137,51,37.23,-12.92,5
ob_retest_pa,all,none,1.2,swing,False,129,67,51.94,-9.66,5
ob_retest_pa,all,none,1.2,day_trade,True,153,36,23.53,-13.4,5
ob_retest_pa,all,none,1.2,day_trade,False,147,43,29.25,-11.4,5
ob_retest_pa,all,none,1.5,swing,True,133,44,33.08,-11.49,5
ob_retest_pa,all,none,1.5,swing,False,119,56,47.06,-8.04,5
ob_retest_pa,all,none,1.5,day_trade,True,149,33,22.15,-13.01,5
ob_retest_pa,all,none,1.5,day_trade,False,141,38,26.95,-10.96,5
ob_retest_pa,all,none,2.0,swing,True,133,34,25.56,-11.04,5
ob_retest_pa,all,none,2.0,swing,False,116,44,37.93,-9.19,5
ob_retest_pa,all,none,2.0,day_trade,True,149,32,21.48,-13.15,5
ob_retest_pa,all,none,2.0,day_trade,False,140,38,27.14,-11.07,5
