archetype,pa_filter,trend_filter,target_rr,holding_mode,use_breakeven,code,trades,wins,win_rate
ob_retest_pa,tbf_or_pin,ema20,0.8,swing,False,0050,5,2,40.0
ob_retest_pa,tbf_or_pin,ema20,0.8,swing,False,2317,17,14,82.35
ob_retest_pa,tbf_or_pin,ema20,0.8,swing,False,2454,7,5,71.43
ob_retest_pa,tbf_or_pin,ema20,0.8,swing,False,2303,1,1,100.0
ob_retest_pa,tbf_or_pin,ema20,0.8,swing,False,2618,4,3,75.0
ob_retest_pa,tbf_or_pin,ema20,0.8,swing,False,2610,8,3,37.5
ob_retest_pa,tbf_or_pin,ema20,0.8,swing,False,2409,9,7,77.78
ob_retest_pa,tbf_or_pin,ema20,0.8,swing,False,3481,16,10,62.5
ob_retest_pa,tbf_or_pin,ema20,0.8,swing,False,2887,7,6,85.71
ob_retest_pa,tbf_or_pin,ema20,0.8,swing,False,1301,6,4,66.67
ob_retest_pa,tbf_or_pin,ema20,0.8,swing,False,2002,4,1,25.0
ob_retest_pa,tbf_or_pin,ema20,0.8,swing,False,2615,13,5,38.46
ob_retest_pa,tbf_or_pin,ema20,0.8,swing,False,5351,10,9,90.0
ob_retest_pa,tbf_or_pin,ema20,0.8,swing,False,2337,2,1,50.0
ob_retest_pa,tbf_or_pin,ema20,0.8,swing,False,2324,14,9,64.29
ob_retest_pa,tbf_or_pin,ema20,1.0,swing,False,0050,5,2,40.0
ob_retest_pa,tbf_or_pin,ema20,1.0,swing,False,2317,17,14,82.35
ob_retest_pa,tbf_or_pin,ema20,1.0,swing,False,2454,7,5,71.43
ob_retest_pa,tbf_or_pin,ema20,1.0,swing,False,2303,1,1,100.0
ob_retest_pa,tbf_or_pin,ema20,1.0,swing,False,2618,3,2,66.67
ob_retest_pa,tbf_or_pin,ema20,1.0,swing,False,2610,7,2,28.57
ob_retest_pa,tbf_or_pin,ema20,1.0,swing,False,2409,9,6,66.67
ob_retest_pa,tbf_or_pin,ema20,1.0,swing,False,3481,16,10,62.5
ob_retest_pa,tbf_or_pin,ema20,1.0,swing,False,2887,6,5,83.33
ob_retest_pa,tbf_or_pin,ema20,1.0,swing,False,1301,5,3,60.0
ob_retest_pa,tbf_or_pin,ema20,1.0,swing,False,2002,4,1,25.0
ob_retest_pa,tbf_or_pin,ema20,1.0,swing,False,2615,12,4,33.33
ob_retest_pa,tbf_or_pin,ema20,1.0,swing,False,5351,9,8,88.89
ob_retest_pa,tbf_or_pin,ema20,1.0,swing,False,2337,2,1,50.0
ob_retest_pa,tbf_or_pin,ema20,1.0,swing,False,2324,9,4,44.44
ob_retest_pa,tbf_or_pin,none,0.8,swing,False,0050,13,7,53.85
ob_retest_pa,tbf_or_pin,none,0.8,swing,False,2317,38,23,60.53
ob_retest_pa,tbf_or_pin,none,0.8,swing,False,2454,21,14,66.67
ob_retest_pa,tbf_or_pin,none,0.8,swing,False,2303,11,9,81.82
ob_retest_pa,tbf_or_pin,none,0.8,swing,False,2618,20,14,70.0
ob_retest_pa,tbf_or_pin,none,0.8,swing,False,2610,30,15,50.0
ob_retest_pa,tbf_or_pin,none,0.8,swing,False,2409,30,18,60.0
ob_retest_pa,tbf_or_pin,none,0.8,swing,False,3481,35,21,60.0
ob_retest_pa,tbf_or_pin,none,0.8,swing,False,2887,20,15,75.0
ob_retest_pa,tbf_or_pin,none,0.8,swing,False,1301,20,10,50.0
ob_retest_pa,tbf_or_pin,none,0.8,swing,False,2002,9,4,44.44
ob_retest_pa,tbf_or_pin,none,0.8,swing,False,2615,22,13,59.09
ob_retest_pa,tbf_or_pin,none,0.8,swing,False,5351,26,17,65.38
ob_retest_pa,tbf_or_pin,none,0.8,swing,False,2337,7,3,42.86
ob_retest_pa,tbf_or_pin,none,0.8,swing,False,2324,23,14,60.87
ob_retest_pa,pin_only,ema20,0.8,swing,False,0050,4,1,25.0
ob_retest_pa,pin_only,ema20,0.8,swing,False,2317,15,11,73.33
ob_retest_pa,pin_only,ema20,0.8,swing,False,2454,8,5,62.5
ob_retest_pa,pin_only,ema20,0.8,swing,False,2303,0,0,0.0
ob_retest_pa,pin_only,ema20,0.8,swing,False,2618,2,2,100.0
ob_retest_pa,pin_only,ema20,0.8,swing,False,2610,8,3,37.5
ob_retest_pa,pin_only,ema20,0.8,swing,False,2409,8,6,75.0
ob_retest_pa,pin_only,ema20,0.8,swing,False,3481,11,6,54.55
ob_retest_pa,pin_only,ema20,0.8,swing,False,2887,6,5,83.33
ob_retest_pa,pin_only,ema20,0.8,swing,False,1301,5,3,60.0
ob_retest_pa,pin_only,ema20,0.8,swing,False,2002,3,1,33.33
ob_retest_pa,pin_only,ema20,0.8,swing,False,2615,11,6,54.55
ob_retest_pa,pin_only,ema20,0.8,swing,False,5351,5,4,80.0
ob_retest_pa,pin_only,ema20,0.8,swing,False,2337,1,0,0.0
ob_retest_pa,pin_only,ema20,0.8,swing,False,2324,13,9,69.23
ob_retest_pa,tbf_only,ema20,0.8,swing,False,0050,2,1,50.0
ob_retest_pa,tbf_only,ema20,0.8,swing,False,2317,8,6,75.0
ob_retest_pa,tbf_only,ema20,0.8,swing,False,2454,3,2,66.67
ob_retest_pa,tbf_only,ema20,0.8,swing,False,2303,1,1,100.0
ob_retest_pa,tbf_only,ema20,0.8,swing,False,2618,3,2,66.67
ob_retest_pa,tbf_only,ema20,0.8,swing,False,2610,5,2,40.0
ob_retest_pa,tbf_only,ema20,0.8,swing,False,2409,5,3,60.0
ob_retest_pa,tbf_only,ema20,0.8,swing,False,3481,9,5,55.56
ob_retest_pa,tbf_only,ema20,0.8,swing,False,2887,5,5,100.0
ob_retest_pa,tbf_only,ema20,0.8,swing,False,1301,2,1,50.0
ob_retest_pa,tbf_only,ema20,0.8,swing,False,2002,3,1,33.33
ob_retest_pa,tbf_only,ema20,0.8,swing,False,2615,9,4,44.44
ob_retest_pa,tbf_only,ema20,0.8,swing,False,5351,7,6,85.71
ob_retest_pa,tbf_only,ema20,0.8,swing,False,2337,1,1,100.0
ob_retest_pa,tbf_only,ema20,0.8,swing,False,2324,10,6,60.0
ob_retest_pa,all,ema20,0.8,swing,False,0050,7,4,57.14
ob_retest_pa,all,ema20,0.8,swing,False,2317,18,15,83.33
ob_retest_pa,all,ema20,0.8,swing,False,2454,8,6,75.0
ob_retest_pa,all,ema20,0.8,swing,False,2303,1,1,100.0
ob_retest_pa,all,ema20,0.8,swing,False,2618,6,4,66.67
ob_retest_pa,all,ema20,0.8,swing,False,2610,11,4,36.36
ob_retest_pa,all,ema20,0.8,swing,False,2409,12,8,66.67
ob_retest_pa,all,ema20,0.8,swing,False,3481,17,11,64.71
ob_retest_pa,all,ema20,0.8,swing,False,2887,10,8,80.0
ob_retest_pa,all,ema20,0.8,swing,False,1301,6,4,66.67
ob_retest_pa,all,ema20,0.8,swing,False,2002,5,1,20.0
ob_retest_pa,all,ema20,0.8,swing,False,2615,16,7,43.75
ob_retest_pa,all,ema20,0.8,swing,False,5351,13,10,76.92
ob_retest_pa,all,ema20,0.8,swing,False,2337,4,2,50.0
ob_retest_pa,all,ema20,0.8,swing,False,2324,16,9,56.25
dr_sweep_pa,tbf_or_pin,ema20,0.8,swing,False,0050,12,10,83.33
dr_sweep_pa,tbf_or_pin,ema20,0.8,swing,False,2317,12,10,83.33
dr_sweep_pa,tbf_or_pin,ema20,0.8,swing,False,2454,10,9,90.0
dr_sweep_pa,tbf_or_pin,ema20,0.8,swing,False,2303,5,4,80.0
dr_sweep_pa,tbf_or_pin,ema20,0.8,swing,False,2618,10,7,70.0
dr_sweep_pa,tbf_or_pin,ema20,0.8,swing,False,2610,21,15,71.43
dr_sweep_pa,tbf_or_pin,ema20,0.8,swing,False,2409,11,3,27.27
dr_sweep_pa,tbf_or_pin,ema20,0.8,swing,False,3481,10,7,70.0
dr_sweep_pa,tbf_or_pin,ema20,0.8,swing,False,2887,16,10,62.5
dr_sweep_pa,tbf_or_pin,ema20,0.8,swing,False,1301,6,5,83.33
dr_sweep_pa,tbf_or_pin,ema20,0.8,swing,False,2002,11,7,63.64
dr_sweep_pa,tbf_or_pin,ema20,0.8,swing,False,2615,6,4,66.67
dr_sweep_pa,tbf_or_pin,ema20,0.8,swing,False,5351,6,5,83.33
dr_sweep_pa,tbf_or_pin,ema20,0.8,swing,False,2337,6,2,33.33
dr_sweep_pa,tbf_or_pin,ema20,0.8,swing,False,2324,16,12,75.0
dr_sweep_pa,tbf_or_pin,ema20,0.8,swing,True,0050,12,10,83.33
dr_sweep_pa,tbf_or_pin,ema20,0.8,swing,True,2317,12,8,66.67
dr_sweep_pa,tbf_or_pin,ema20,0.8,swing,True,2454,10,8,80.0
dr_sweep_pa,tbf_or_pin,ema20,0.8,swing,True,2303,5,3,60.0
dr_sweep_pa,tbf_or_pin,ema20,0.8,swing,True,2618,10,6,60.0
dr_sweep_pa,tbf_or_pin,ema20,0.8,swing,True,2610,21,15,71.43
dr_sweep_pa,tbf_or_pin,ema20,0.8,swing,True,2409,11,3,27.27
dr_sweep_pa,tbf_or_pin,ema20,0.8,swing,True,3481,10,4,40.0
dr_sweep_pa,tbf_or_pin,ema20,0.8,swing,True,2887,16,9,56.25
dr_sweep_pa,tbf_or_pin,ema20,0.8,swing,True,1301,6,5,83.33
dr_sweep_pa,tbf_or_pin,ema20,0.8,swing,True,2002,11,6,54.55
dr_sweep_pa,tbf_or_pin,ema20,0.8,swing,True,2615,6,3,50.0
dr_sweep_pa,tbf_or_pin,ema20,0.8,swing,True,5351,6,5,83.33
dr_sweep_pa,tbf_or_pin,ema20,0.8,swing,True,2337,6,2,33.33
dr_sweep_pa,tbf_or_pin,ema20,0.8,swing,True,2324,16,10,62.5
dr_sweep_pa,tbf_or_pin,ema20,1.0,swing,False,0050,11,8,72.73
dr_sweep_pa,tbf_or_pin,ema20,1.0,swing,False,2317,12,8,66.67
dr_sweep_pa,tbf_or_pin,ema20,1.0,swing,False,2454,10,9,90.0
dr_sweep_pa,tbf_or_pin,ema20,1.0,swing,False,2303,5,3,60.0
dr_sweep_pa,tbf_or_pin,ema20,1.0,swing,False,2618,9,6,66.67
dr_sweep_pa,tbf_or_pin,ema20,1.0,swing,False,2610,21,14,66.67
dr_sweep_pa,tbf_or_pin,ema20,1.0,swing,False,2409,11,3,27.27
dr_sweep_pa,tbf_or_pin,ema20,1.0,swing,False,3481,10,7,70.0
dr_sweep_pa,tbf_or_pin,ema20,1.0,swing,False,2887,16,10,62.5
dr_sweep_pa,tbf_or_pin,ema20,1.0,swing,False,1301,6,4,66.67
dr_sweep_pa,tbf_or_pin,ema20,1.0,swing,False,2002,11,7,63.64
dr_sweep_pa,tbf_or_pin,ema20,1.0,swing,False,2615,6,4,66.67
dr_sweep_pa,tbf_or_pin,ema20,1.0,swing,False,5351,6,5,83.33
dr_sweep_pa,tbf_or_pin,ema20,1.0,swing,False,2337,6,2,33.33
dr_sweep_pa,tbf_or_pin,ema20,1.0,swing,False,2324,15,11,73.33
dr_sweep_pa,tbf_or_pin,none,0.8,swing,False,0050,37,28,75.68
dr_sweep_pa,tbf_or_pin,none,0.8,swing,False,2317,64,41,64.06
dr_sweep_pa,tbf_or_pin,none,0.8,swing,False,2454,70,51,72.86
dr_sweep_pa,tbf_or_pin,none,0.8,swing,False,2303,38,27,71.05
dr_sweep_pa,tbf_or_pin,none,0.8,swing,False,2618,55,34,61.82
dr_sweep_pa,tbf_or_pin,none,0.8,swing,False,2610,83,52,62.65
dr_sweep_pa,tbf_or_pin,none,0.8,swing,False,2409,65,32,49.23
dr_sweep_pa,tbf_or_pin,none,0.8,swing,False,3481,65,40,61.54
dr_sweep_pa,tbf_or_pin,none,0.8,swing,False,2887,63,42,66.67
dr_sweep_pa,tbf_or_pin,none,0.8,swing,False,1301,44,28,63.64
dr_sweep_pa,tbf_or_pin,none,0.8,swing,False,2002,89,53,59.55
dr_sweep_pa,tbf_or_pin,none,0.8,swing,False,2615,58,41,70.69
dr_sweep_pa,tbf_or_pin,none,0.8,swing,False,5351,53,34,64.15
dr_sweep_pa,tbf_or_pin,none,0.8,swing,False,2337,32,15,46.88
dr_sweep_pa,tbf_or_pin,none,0.8,swing,False,2324,57,37,64.91
dr_sweep_pa,pin_only,ema20,0.8,swing,False,0050,12,10,83.33
dr_sweep_pa,pin_only,ema20,0.8,swing,False,2317,10,6,60.0
dr_sweep_pa,pin_only,ema20,0.8,swing,False,2454,9,8,88.89
dr_sweep_pa,pin_only,ema20,0.8,swing,False,2303,4,3,75.0
dr_sweep_pa,pin_only,ema20,0.8,swing,False,2618,8,5,62.5
dr_sweep_pa,pin_only,ema20,0.8,swing,False,2610,17,12,70.59
dr_sweep_pa,pin_only,ema20,0.8,swing,False,2409,7,2,28.57
dr_sweep_pa,pin_only,ema20,0.8,swing,False,3481,8,7,87.5
dr_sweep_pa,pin_only,ema20,0.8,swing,False,2887,14,9,64.29
dr_sweep_pa,pin_only,ema20,0.8,swing,False,1301,3,3,100.0
dr_sweep_pa,pin_only,ema20,0.8,swing,False,2002,8,4,50.0
dr_sweep_pa,pin_only,ema20,0.8,swing,False,2615,3,3,100.0
dr_sweep_pa,pin_only,ema20,0.8,swing,False,5351,5,4,80.0
dr_sweep_pa,pin_only,ema20,0.8,swing,False,2337,3,1,33.33
dr_sweep_pa,pin_only,ema20,0.8,swing,False,2324,6,4,66.67
dr_sweep_pa,pin_only,ema20,0.8,swing,True,0050,12,10,83.33
dr_sweep_pa,pin_only,ema20,0.8,swing,True,2317,10,5,50.0
dr_sweep_pa,pin_only,ema20,0.8,swing,True,2454,9,7,77.78
dr_sweep_pa,pin_only,ema20,0.8,swing,True,2303,4,2,50.0
dr_sweep_pa,pin_only,ema20,0.8,swing,True,2618,8,5,62.5
dr_sweep_pa,pin_only,ema20,0.8,swing,True,2610,17,12,70.59
dr_sweep_pa,pin_only,ema20,0.8,swing,True,2409,7,2,28.57
dr_sweep_pa,pin_only,ema20,0.8,swing,True,3481,8,4,50.0
dr_sweep_pa,pin_only,ema20,0.8,swing,True,2887,14,8,57.14
dr_sweep_pa,pin_only,ema20,0.8,swing,True,1301,3,3,100.0
dr_sweep_pa,pin_only,ema20,0.8,swing,True,2002,8,3,37.5
dr_sweep_pa,pin_only,ema20,0.8,swing,True,2615,3,2,66.67
dr_sweep_pa,pin_only,ema20,0.8,swing,True,5351,5,4,80.0
dr_sweep_pa,pin_only,ema20,0.8,swing,True,2337,3,1,33.33
dr_sweep_pa,pin_only,ema20,0.8,swing,True,2324,6,4,66.67
dr_sweep_pa,pin_only,ema20,1.0,swing,False,0050,11,9,81.82
dr_sweep_pa,pin_only,ema20,1.0,swing,False,2317,10,6,60.0
dr_sweep_pa,pin_only,ema20,1.0,swing,False,2454,9,8,88.89
dr_sweep_pa,pin_only,ema20,1.0,swing,False,2303,4,3,75.0
dr_sweep_pa,pin_only,ema20,1.0,swing,False,2618,7,4,57.14
dr_sweep_pa,pin_only,ema20,1.0,swing,False,2610,17,11,64.71
dr_sweep_pa,pin_only,ema20,1.0,swing,False,2409,7,2,28.57
dr_sweep_pa,pin_only,ema20,1.0,swing,False,3481,8,7,87.5
dr_sweep_pa,pin_only,ema20,1.0,swing,False,2887,13,8,61.54
dr_sweep_pa,pin_only,ema20,1.0,swing,False,1301,3,3,100.0
dr_sweep_pa,pin_only,ema20,1.0,swing,False,2002,8,4,50.0
dr_sweep_pa,pin_only,ema20,1.0,swing,False,2615,3,3,100.0
dr_sweep_pa,pin_only,ema20,1.0,swing,False,5351,5,4,80.0
dr_sweep_pa,pin_only,ema20,1.0,swing,False,2337,3,1,33.33
dr_sweep_pa,pin_only,ema20,1.0,swing,False,2324,6,4,66.67
dr_sweep_pa,pin_only,ema20,1.2,swing,False,0050,11,8,72.73
dr_sweep_pa,pin_only,ema20,1.2,swing,False,2317,10,6,60.0
dr_sweep_pa,pin_only,ema20,1.2,swing,False,2454,7,6,85.71
dr_sweep_pa,pin_only,ema20,1.2,swing,False,2303,4,3,75.0
dr_sweep_pa,pin_only,ema20,1.2,swing,False,2618,7,4,57.14
dr_sweep_pa,pin_only,ema20,1.2,swing,False,2610,16,8,50.0
dr_sweep_pa,pin_only,ema20,1.2,swing,False,2409,7,2,28.57
dr_sweep_pa,pin_only,ema20,1.2,swing,False,3481,8,7,87.5
dr_sweep_pa,pin_only,ema20,1.2,swing,False,2887,12,6,50.0
dr_sweep_pa,pin_only,ema20,1.2,swing,False,1301,3,2,66.67
dr_sweep_pa,pin_only,ema20,1.2,swing,False,2002,8,4,50.0
dr_sweep_pa,pin_only,ema20,1.2,swing,False,2615,2,2,100.0
dr_sweep_pa,pin_only,ema20,1.2,swing,False,5351,5,3,60.0
dr_sweep_pa,pin_only,ema20,1.2,swing,False,2337,3,1,33.33
dr_sweep_pa,pin_only,ema20,1.2,swing,False,2324,6,4,66.67
dr_sweep_pa,pin_only,none,0.8,swing,False,0050,32,25,78.12
dr_sweep_pa,pin_only,none,0.8,swing,False,2317,53,32,60.38
dr_sweep_pa,pin_only,none,0.8,swing,False,2454,53,39,73.58
dr_sweep_pa,pin_only,none,0.8,swing,False,2303,26,17,65.38
dr_sweep_pa,pin_only,none,0.8,swing,False,2618,46,32,69.57
dr_sweep_pa,pin_only,none,0.8,swing,False,2610,74,48,64.86
dr_sweep_pa,pin_only,none,0.8,swing,False,2409,52,27,51.92
dr_sweep_pa,pin_only,none,0.8,swing,False,3481,51,32,62.75
dr_sweep_pa,pin_only,none,0.8,swing,False,2887,53,36,67.92
dr_sweep_pa,pin_only,none,0.8,swing,False,1301,31,20,64.52
dr_sweep_pa,pin_only,none,0.8,swing,False,2002,82,46,56.1
dr_sweep_pa,pin_only,none,0.8,swing,False,2615,43,33,76.74
dr_sweep_pa,pin_only,none,0.8,swing,False,5351,37,22,59.46
dr_sweep_pa,pin_only,none,0.8,swing,False,2337,20,11,55.0
dr_sweep_pa,pin_only,none,0.8,swing,False,2324,36,23,63.89
dr_sweep_pa,pin_only,none,1.0,swing,False,0050,31,23,74.19
dr_sweep_pa,pin_only,none,1.0,swing,False,2317,50,28,56.0
dr_sweep_pa,pin_only,none,1.0,swing,False,2454,53,39,73.58
dr_sweep_pa,pin_only,none,1.0,swing,False,2303,26,16,61.54
dr_sweep_pa,pin_only,none,1.0,swing,False,2618,43,28,65.12
dr_sweep_pa,pin_only,none,1.0,swing,False,2610,67,39,58.21
dr_sweep_pa,pin_only,none,1.0,swing,False,2409,50,25,50.0
dr_sweep_pa,pin_only,none,1.0,swing,False,3481,48,29,60.42
dr_sweep_pa,pin_only,none,1.0,swing,False,2887,50,31,62.0
dr_sweep_pa,pin_only,none,1.0,swing,False,1301,30,19,63.33
dr_sweep_pa,pin_only,none,1.0,swing,False,2002,77,41,53.25
dr_sweep_pa,pin_only,none,1.0,swing,False,2615,43,32,74.42
dr_sweep_pa,pin_only,none,1.0,swing,False,5351,34,18,52.94
dr_sweep_pa,pin_only,none,1.0,swing,False,2337,20,11,55.0
dr_sweep_pa,pin_only,none,1.0,swing,False,2324,35,21,60.0
dr_sweep_pa,tbf_only,ema20,0.8,swing,False,0050,3,3,100.0
dr_sweep_pa,tbf_only,ema20,0.8,swing,False,2317,8,7,87.5
dr_sweep_pa,tbf_only,ema20,0.8,swing,False,2454,2,2,100.0
dr_sweep_pa,tbf_only,ema20,0.8,swing,False,2303,1,1,100.0
dr_sweep_pa,tbf_only,ema20,0.8,swing,False,2618,3,2,66.67
dr_sweep_pa,tbf_only,ema20,0.8,swing,False,2610,11,8,72.73
dr_sweep_pa,tbf_only,ema20,0.8,swing,False,2409,9,3,33.33
dr_sweep_pa,tbf_only,ema20,0.8,swing,False,3481,5,2,40.0
dr_sweep_pa,tbf_only,ema20,0.8,swing,False,2887,6,3,50.0
dr_sweep_pa,tbf_only,ema20,0.8,swing,False,1301,3,2,66.67
dr_sweep_pa,tbf_only,ema20,0.8,swing,False,2002,7,5,71.43
dr_sweep_pa,tbf_only,ema20,0.8,swing,False,2615,3,1,33.33
dr_sweep_pa,tbf_only,ema20,0.8,swing,False,5351,2,1,50.0
dr_sweep_pa,tbf_only,ema20,0.8,swing,False,2337,4,1,25.0
dr_sweep_pa,tbf_only,ema20,0.8,swing,False,2324,11,8,72.73
dr_sweep_pa,all,ema20,0.8,swing,False,0050,15,13,86.67
dr_sweep_pa,all,ema20,0.8,swing,False,2317,16,12,75.0
dr_sweep_pa,all,ema20,0.8,swing,False,2454,13,10,76.92
dr_sweep_pa,all,ema20,0.8,swing,False,2303,6,5,83.33
dr_sweep_pa,all,ema20,0.8,swing,False,2618,14,7,50.0
dr_sweep_pa,all,ema20,0.8,swing,False,2610,26,17,65.38
dr_sweep_pa,all,ema20,0.8,swing,False,2409,15,5,33.33
dr_sweep_pa,all,ema20,0.8,swing,False,3481,11,8,72.73
dr_sweep_pa,all,ema20,0.8,swing,False,2887,19,13,68.42
dr_sweep_pa,all,ema20,0.8,swing,False,1301,8,6,75.0
dr_sweep_pa,all,ema20,0.8,swing,False,2002,11,7,63.64
dr_sweep_pa,all,ema20,0.8,swing,False,2615,7,4,57.14
dr_sweep_pa,all,ema20,0.8,swing,False,5351,8,7,87.5
dr_sweep_pa,all,ema20,0.8,swing,False,2337,7,2,28.57
dr_sweep_pa,all,ema20,0.8,swing,False,2324,24,15,62.5
dr_sweep_pa,all,ema20,1.0,swing,False,0050,14,11,78.57
dr_sweep_pa,all,ema20,1.0,swing,False,2317,15,10,66.67
dr_sweep_pa,all,ema20,1.0,swing,False,2454,13,10,76.92
dr_sweep_pa,all,ema20,1.0,swing,False,2303,6,4,66.67
dr_sweep_pa,all,ema20,1.0,swing,False,2618,13,6,46.15
dr_sweep_pa,all,ema20,1.0,swing,False,2610,26,15,57.69
dr_sweep_pa,all,ema20,1.0,swing,False,2409,15,5,33.33
dr_sweep_pa,all,ema20,1.0,swing,False,3481,11,8,72.73
dr_sweep_pa,all,ema20,1.0,swing,False,2887,19,13,68.42
dr_sweep_pa,all,ema20,1.0,swing,False,1301,8,5,62.5
dr_sweep_pa,all,ema20,1.0,swing,False,2002,11,7,63.64
dr_sweep_pa,all,ema20,1.0,swing,False,2615,7,4,57.14
dr_sweep_pa,all,ema20,1.0,swing,False,5351,7,6,85.71
dr_sweep_pa,all,ema20,1.0,swing,False,2337,7,2,28.57
dr_sweep_pa,all,ema20,1.0,swing,False,2324,23,14,60.87
dr_sweep_pa,all,none,0.8,swing,False,0050,41,32,78.05
dr_sweep_pa,all,none,0.8,swing,False,2317,76,48,63.16
dr_sweep_pa,all,none,0.8,swing,False,2454,79,56,70.89
dr_sweep_pa,all,none,0.8,swing,False,2303,48,32,66.67
dr_sweep_pa,all,none,0.8,swing,False,2618,65,40,61.54
dr_sweep_pa,all,none,0.8,swing,False,2610,88,55,62.5
dr_sweep_pa,all,none,0.8,swing,False,2409,80,43,53.75
dr_sweep_pa,all,none,0.8,swing,False,3481,77,49,63.64
dr_sweep_pa,all,none,0.8,swing,False,2887,69,46,66.67
dr_sweep_pa,all,none,0.8,swing,False,1301,55,35,63.64
dr_sweep_pa,all,none,0.8,swing,False,2002,90,53,58.89
dr_sweep_pa,all,none,0.8,swing,False,2615,64,42,65.62
dr_sweep_pa,all,none,0.8,swing,False,5351,58,37,63.79
dr_sweep_pa,all,none,0.8,swing,False,2337,47,23,48.94
dr_sweep_pa,all,none,0.8,swing,False,2324,72,41,56.94
dr_discount_pa,tbf_or_pin,ema20,0.8,swing,False,0050,67,41,61.19
dr_discount_pa,tbf_or_pin,ema20,0.8,swing,False,2317,90,57,63.33
dr_discount_pa,tbf_or_pin,ema20,0.8,swing,False,2454,94,51,54.26
dr_discount_pa,tbf_or_pin,ema20,0.8,swing,False,2303,90,57,63.33
dr_discount_pa,tbf_or_pin,ema20,0.8,swing,False,2618,71,39,54.93
dr_discount_pa,tbf_or_pin,ema20,0.8,swing,False,2610,88,60,68.18
dr_discount_pa,tbf_or_pin,ema20,0.8,swing,False,2409,107,65,60.75
dr_discount_pa,tbf_or_pin,ema20,0.8,swing,False,3481,100,60,60.0
dr_discount_pa,tbf_or_pin,ema20,0.8,swing,False,2887,97,68,70.1
dr_discount_pa,tbf_or_pin,ema20,0.8,swing,False,1301,69,42,60.87
dr_discount_pa,tbf_or_pin,ema20,0.8,swing,False,2002,64,31,48.44
dr_discount_pa,tbf_or_pin,ema20,0.8,swing,False,2615,111,76,68.47
dr_discount_pa,tbf_or_pin,ema20,0.8,swing,False,5351,90,48,53.33
dr_discount_pa,tbf_or_pin,ema20,0.8,swing,False,2337,95,55,57.89
dr_discount_pa,tbf_or_pin,ema20,0.8,swing,False,2324,130,77,59.23
dr_discount_pa,pin_only,ema20,0.8,swing,False,0050,64,39,60.94
dr_discount_pa,pin_only,ema20,0.8,swing,False,2317,75,48,64.0
dr_discount_pa,pin_only,ema20,0.8,swing,False,2454,83,44,53.01
dr_discount_pa,pin_only,ema20,0.8,swing,False,2303,87,58,66.67
dr_discount_pa,pin_only,ema20,0.8,swing,False,2618,64,36,56.25
dr_discount_pa,pin_only,ema20,0.8,swing,False,2610,79,52,65.82
dr_discount_pa,pin_only,ema20,0.8,swing,False,2409,86,51,59.3
dr_discount_pa,pin_only,ema20,0.8,swing,False,3481,85,53,62.35
dr_discount_pa,pin_only,ema20,0.8,swing,False,2887,87,58,66.67
dr_discount_pa,pin_only,ema20,0.8,swing,False,1301,55,34,61.82
dr_discount_pa,pin_only,ema20,0.8,swing,False,2002,53,28,52.83
dr_discount_pa,pin_only,ema20,0.8,swing,False,2615,96,66,68.75
dr_discount_pa,pin_only,ema20,0.8,swing,False,5351,64,32,50.0
dr_discount_pa,pin_only,ema20,0.8,swing,False,2337,77,48,62.34
dr_discount_pa,pin_only,ema20,0.8,swing,False,2324,105,65,61.9
