archetype,pa_filter,trend_filter,target_rr,holding_mode,use_breakeven,total_trades,wins,losses,win_rate,avg_net_pnl,pnl_std,positive_stocks
ob_retest_pa,tbf_or_pin,ema20,0.8,swing,False,341,189,152,55.43,-11.75,6.25,1
ob_retest_pa,tbf_or_pin,ema20,0.8,swing,True,341,142,199,41.64,-14.43,6.4,1
ob_retest_pa,tbf_or_pin,ema20,0.8,day_trade,False,417,111,306,26.62,-11.11,5.96,0
ob_retest_pa,tbf_or_pin,ema20,0.8,day_trade,True,417,90,327,21.58,-12.36,5.92,0
ob_retest_pa,tbf_or_pin,ema20,1.0,swing,False,315,157,158,49.84,-11.01,6.84,1
ob_retest_pa,tbf_or_pin,ema20,1.0,swing,True,337,109,228,32.34,-14.34,6.14,0
ob_retest_pa,tbf_or_pin,ema20,1.0,day_trade,False,405,96,309,23.7,-11.15,6.1,0
ob_retest_pa,tbf_or_pin,ema20,1.0,day_trade,True,415,75,340,18.07,-12.59,5.56,0
ob_retest_pa,tbf_or_pin,ema20,1.2,swing,False,293,136,157,46.42,-10.02,6.23,1
ob_retest_pa,tbf_or_pin,ema20,1.2,swing,True,334,96,238,28.74,-13.8,5.79,0
ob_retest_pa,tbf_or_pin,ema20,1.2,day_trade,False,394,88,306,22.34,-10.94,6.18,1
ob_retest_pa,tbf_or_pin,ema20,1.2,day_trade,True,413,73,340,17.68,-12.3,5.66,0
ob_retest_pa,tbf_or_pin,ema20,1.4,swing,False,287,126,161,43.9,-9.31,7.59,3
ob_retest_pa,tbf_or_pin,ema20,1.4,swing,True,333,84,249,25.23,-14.04,6.97,1
ob_retest_pa,tbf_or_pin,ema20,1.4,day_trade,False,393,86,307,21.88,-10.89,6.55,1
ob_retest_pa,tbf_or_pin,ema20,1.4,day_trade,True,412,71,341,17.23,-12.28,6.01,0
ob_retest_pa,tbf_or_pin,ema20,1.5,swing,False,282,120,162,42.55,-8.92,7.88,3
ob_retest_pa,tbf_or_pin,ema20,1.5,swing,True,332,80,252,24.1,-13.75,7.24,1
ob_retest_pa,tbf_or_pin,ema20,1.5,day_trade,False,391,83,308,21.23,-10.9,6.65,1
ob_retest_pa,tbf_or_pin,ema20,1.5,day_trade,True,412,71,341,17.23,-12.15,6.17,0
ob_retest_pa,tbf_or_pin,ema20,1.6,swing,False,279,115,164,41.22,-8.69,8.24,3
ob_retest_pa,tbf_or_pin,ema20,1.6,swing,True,332,76,256,22.89,-13.55,7.52,1
ob_retest_pa,tbf_or_pin,ema20,1.6,day_trade,False,390,82,308,21.03,-10.92,6.96,1
ob_retest_pa,tbf_or_pin,ema20,1.6,day_trade,True,412,69,343,16.75,-12.2,6.44,0
ob_retest_pa,tbf_or_pin,ema20,1.8,swing,False,273,105,168,38.46,-8.19,8.94,3
ob_retest_pa,tbf_or_pin,ema20,1.8,swing,True,332,68,264,20.48,-13.43,8.31,1
ob_retest_pa,tbf_or_pin,ema20,1.8,day_trade,False,390,82,308,21.03,-10.57,7.31,2
ob_retest_pa,tbf_or_pin,ema20,1.8,day_trade,True,412,69,343,16.75,-11.91,6.73,1
ob_retest_pa,tbf_or_pin,ema20,2.0,swing,False,270,100,170,37.04,-8.26,8.84,3
ob_retest_pa,tbf_or_pin,ema20,2.0,swing,True,331,64,267,19.34,-13.7,8.45,1
ob_retest_pa,tbf_or_pin,ema20,2.0,day_trade,False,390,82,308,21.03,-10.38,7.4,2
ob_retest_pa,tbf_or_pin,ema20,2.0,day_trade,True,412,69,343,16.75,-11.8,6.81,1
ob_retest_pa,tbf_or_pin,ema20,2.5,swing,False,269,92,177,34.2,-6.87,10.38,3
ob_retest_pa,tbf_or_pin,ema20,2.5,swing,True,329,61,268,18.54,-11.7,9.51,1
ob_retest_pa,tbf_or_pin,ema20,2.5,day_trade,False,389,82,307,21.08,-10.11,7.92,2
ob_retest_pa,tbf_or_pin,ema20,2.5,day_trade,True,411,69,342,16.79,-11.44,7.28,1
ob_retest_pa,tbf_or_pin,none,0.8,swing,False,660,373,287,56.52,-22.83,8.23,0
ob_retest_pa,tbf_or_pin,none,0.8,swing,True,660,277,383,41.97,-28.49,9.49,0
ob_retest_pa,tbf_or_pin,none,0.8,day_trade,False,792,249,543,31.44,-18.68,7.13,0
ob_retest_pa,tbf_or_pin,none,0.8,day_trade,True,792,199,593,25.13,-21.77,8.27,0
ob_retest_pa,tbf_or_pin,none,1.0,swing,False,613,316,297,51.55,-20.82,8.79,0
ob_retest_pa,tbf_or_pin,none,1.0,swing,True,653,226,427,34.61,-27.64,9.4,0
ob_retest_pa,tbf_or_pin,none,1.0,day_trade,False,761,217,544,28.52,-18.3,7.24,0
ob_retest_pa,tbf_or_pin,none,1.0,day_trade,True,787,174,613,22.11,-21.49,7.95,0
ob_retest_pa,tbf_or_pin,none,1.2,swing,False,583,282,301,48.37,-18.58,9.37,0
ob_retest_pa,tbf_or_pin,none,1.2,swing,True,645,198,447,30.7,-26.38,10.11,0
ob_retest_pa,tbf_or_pin,none,1.2,day_trade,False,744,198,546,26.61,-17.68,7.55,0
ob_retest_pa,tbf_or_pin,none,1.2,day_trade,True,780,160,620,20.51,-21.15,8.27,0
ob_retest_pa,tbf_or_pin,none,1.4,swing,False,561,252,309,44.92,-17.61,10.39,0
ob_retest_pa,tbf_or_pin,none,1.4,swing,True,641,173,468,26.99,-26.31,11.45,0
ob_retest_pa,tbf_or_pin,none,1.4,day_trade,False,734,185,549,25.2,-17.71,8.1,0
ob_retest_pa,tbf_or_pin,none,1.4,day_trade,True,776,148,628,19.07,-21.16,8.53,0
ob_retest_pa,tbf_or_pin,none,1.5,swing,False,550,238,312,43.27,-17.23,10.21,0
ob_retest_pa,tbf_or_pin,none,1.5,swing,True,638,163,475,25.55,-26.13,11.28,0
ob_retest_pa,tbf_or_pin,none,1.5,day_trade,False,729,180,549,24.69,-17.79,7.78,0
ob_retest_pa,tbf_or_pin,none,1.5,day_trade,True,774,145,629,18.73,-21.28,8.36,0
ob_retest_pa,tbf_or_pin,none,1.6,swing,False,539,225,314,41.74,-16.79,10.69,1
ob_retest_pa,tbf_or_pin,none,1.6,swing,True,635,154,481,24.25,-25.67,11.3,0
ob_retest_pa,tbf_or_pin,none,1.6,day_trade,False,723,175,548,24.2,-17.89,7.92,0
ob_retest_pa,tbf_or_pin,none,1.6,day_trade,True,771,141,630,18.29,-21.31,8.35,0
ob_retest_pa,tbf_or_pin,none,1.8,swing,False,527,206,321,39.09,-16.06,11.03,2
ob_retest_pa,tbf_or_pin,none,1.8,swing,True,633,140,493,22.12,-25.08,11.78,0
ob_retest_pa,tbf_or_pin,none,1.8,day_trade,False,723,174,549,24.07,-17.64,8.66,0
ob_retest_pa,tbf_or_pin,none,1.8,day_trade,True,771,140,631,18.16,-20.95,8.4,0
ob_retest_pa,tbf_or_pin,none,2.0,swing,False,523,193,330,36.9,-16.28,11.74,1
ob_retest_pa,tbf_or_pin,none,2.0,swing,True,632,130,502,20.57,-25.29,13.03,0
ob_retest_pa,tbf_or_pin,none,2.0,day_trade,False,723,172,551,23.79,-17.52,8.33,0
ob_retest_pa,tbf_or_pin,none,2.0,day_trade,True,771,139,632,18.03,-20.82,8.4,0
ob_retest_pa,tbf_or_pin,none,2.5,swing,False,508,175,333,34.45,-13.15,13.42,2
ob_retest_pa,tbf_or_pin,none,2.5,swing,True,621,113,508,18.2,-23.04,14.71,0
ob_retest_pa,tbf_or_pin,none,2.5,day_trade,False,721,172,549,23.86,-16.87,8.59,1
ob_retest_pa,tbf_or_pin,none,2.5,day_trade,True,769,139,630,18.08,-20.3,8.61,0
ob_retest_pa,pin_only,ema20,0.8,swing,False,281,150,131,53.38,-10.65,3.79,0
ob_retest_pa,pin_only,ema20,0.8,swing,True,281,109,172,38.79,-12.9,4.58,0
ob_retest_pa,pin_only,ema20,0.8,day_trade,False,345,87,258,25.22,-9.6,3.66,0
ob_retest_pa,pin_only,ema20,0.8,day_trade,True,345,67,278,19.42,-10.79,4.1,0
ob_retest_pa,pin_only,ema20,1.0,swing,False,262,124,138,47.33,-10.12,4.37,0
ob_retest_pa,pin_only,ema20,1.0,swing,True,280,83,197,29.64,-12.99,4.78,0
ob_retest_pa,pin_only,ema20,1.0,day_trade,False,334,70,264,20.96,-10.01,3.99,0
ob_retest_pa,pin_only,ema20,1.0,day_trade,True,345,51,294,14.78,-11.34,3.87,0
ob_retest_pa,pin_only,ema20,1.2,swing,False,246,107,139,43.5,-9.58,4.4,0
ob_retest_pa,pin_only,ema20,1.2,swing,True,277,70,207,25.27,-12.85,4.47,0
ob_retest_pa,pin_only,ema20,1.2,day_trade,False,325,65,260,20.0,-10.01,3.9,0
ob_retest_pa,pin_only,ema20,1.2,day_trade,True,343,48,295,13.99,-11.4,3.64,0
ob_retest_pa,pin_only,ema20,1.4,swing,False,238,99,139,41.6,-8.56,5.04,1
ob_retest_pa,pin_only,ema20,1.4,swing,True,276,62,214,22.46,-12.7,4.59,0
ob_retest_pa,pin_only,ema20,1.4,day_trade,False,325,65,260,20.0,-9.89,4.09,0
ob_retest_pa,pin_only,ema20,1.4,day_trade,True,343,48,295,13.99,-11.33,3.8,0
ob_retest_pa,pin_only,ema20,1.5,swing,False,235,93,142,39.57,-8.56,5.05,1
ob_retest_pa,pin_only,ema20,1.5,swing,True,276,58,218,21.01,-12.65,4.79,0
ob_retest_pa,pin_only,ema20,1.5,day_trade,False,323,62,261,19.2,-9.97,4.08,0
ob_retest_pa,pin_only,ema20,1.5,day_trade,True,343,48,295,13.99,-11.27,3.83,0
ob_retest_pa,pin_only,ema20,1.6,swing,False,232,90,142,38.79,-8.21,5.3,1
ob_retest_pa,pin_only,ema20,1.6,swing,True,275,55,220,20.0,-12.51,4.99,0
ob_retest_pa,pin_only,ema20,1.6,day_trade,False,322,61,261,18.94,-10.08,4.12,0
ob_retest_pa,pin_only,ema20,1.6,day_trade,True,342,46,296,13.45,-11.41,3.86,0
ob_retest_pa,pin_only,ema20,1.8,swing,False,230,85,145,36.96,-7.66,5.53,1
ob_retest_pa,pin_only,ema20,1.8,swing,True,275,51,224,18.55,-12.32,5.21,0
ob_retest_pa,pin_only,ema20,1.8,day_trade,False,322,61,261,18.94,-9.86,4.16,0
ob_retest_pa,pin_only,ema20,1.8,day_trade,True,342,46,296,13.45,-11.3,3.9,0
ob_retest_pa,pin_only,ema20,2.0,swing,False,226,81,145,35.84,-7.45,6.04,1
ob_retest_pa,pin_only,ema20,2.0,swing,True,274,49,225,17.88,-12.42,5.33,0
ob_retest_pa,pin_only,ema20,2.0,day_trade,False,322,61,261,18.94,-9.7,4.26,0
ob_retest_pa,pin_only,ema20,2.0,day_trade,True,342,46,296,13.45,-11.19,3.95,0
ob_retest_pa,pin_only,ema20,2.5,swing,False,224,75,149,33.48,-6.4,7.32,2
ob_retest_pa,pin_only,ema20,2.5,swing,True,272,44,228,16.18,-11.58,5.58,0
ob_retest_pa,pin_only,ema20,2.5,day_trade,False,322,61,261,18.94,-9.44,4.49,0
ob_retest_pa,pin_only,ema20,2.5,day_trade,True,342,46,296,13.45,-10.91,4.11,0
ob_retest_pa,pin_only,none,0.8,swing,False,548,303,245,55.29,-19.76,8.58,0
ob_retest_pa,pin_only,none,0.8,swing,True,548,218,330,39.78,-24.55,9.03,0
ob_retest_pa,pin_only,none,0.8,day_trade,False,660,208,452,31.52,-15.52,5.49,0
ob_retest_pa,pin_only,none,0.8,day_trade,True,660,163,497,24.7,-18.2,6.06,0
ob_retest_pa,pin_only,none,1.0,swing,False,511,252,259,49.32,-18.83,8.78,0
ob_retest_pa,pin_only,none,1.0,swing,True,544,173,371,31.8,-24.36,9.47,0
ob_retest_pa,pin_only,none,1.0,day_trade,False,635,177,458,27.87,-15.72,5.91,0
ob_retest_pa,pin_only,none,1.0,day_trade,True,657,138,519,21.0,-18.35,6.01,0
ob_retest_pa,pin_only,none,1.2,swing,False,490,225,265,45.92,-17.35,9.26,0
ob_retest_pa,pin_only,none,1.2,swing,True,538,147,391,27.32,-23.79,9.98,0
ob_retest_pa,pin_only,none,1.2,day_trade,False,623,163,460,26.16,-15.43,6.28,0
ob_retest_pa,pin_only,none,1.2,day_trade,True,652,125,527,19.17,-18.37,6.19,0
ob_retest_pa,pin_only,none,1.4,swing,False,478,203,275,42.47,-17.28,8.95,0
ob_retest_pa,pin_only,none,1.4,swing,True,537,129,408,24.02,-23.67,10.24,0
ob_retest_pa,pin_only,none,1.4,day_trade,False,620,156,464,25.16,-15.61,6.68,0
ob_retest_pa,pin_only,none,1.4,day_trade,True,651,118,533,18.13,-18.38,6.35,0
ob_retest_pa,pin_only,none,1.5,swing,False,472,192,280,40.68,-17.27,8.53,0
ob_retest_pa,pin_only,none,1.5,swing,True,535,121,414,22.62,-23.7,10.2,0
ob_retest_pa,pin_only,none,1.5,day_trade,False,616,151,465,24.51,-15.89,6.52,0
ob_retest_pa,pin_only,none,1.5,day_trade,True,649,115,534,17.72,-18.61,6.34,0
ob_retest_pa,pin_only,none,1.6,swing,False,462,181,281,39.18,-17.06,8.95,0
ob_retest_pa,pin_only,none,1.6,swing,True,532,111,421,20.86,-23.72,10.42,0
ob_retest_pa,pin_only,none,1.6,day_trade,False,610,146,464,23.93,-16.18,6.48,0
ob_retest_pa,pin_only,none,1.6,day_trade,True,646,111,535,17.18,-18.81,6.18,0
ob_retest_pa,pin_only,none,1.8,swing,False,453,168,285,37.09,-16.1,9.07,0
ob_retest_pa,pin_only,none,1.8,swing,True,530,100,430,18.87,-23.3,10.87,0
ob_retest_pa,pin_only,none,1.8,day_trade,False,610,145,465,23.77,-15.94,6.66,0
ob_retest_pa,pin_only,none,1.8,day_trade,True,646,110,536,17.03,-18.67,6.03,0
ob_retest_pa,pin_only,none,2.0,swing,False,448,155,293,34.6,-16.54,9.63,0
ob_retest_pa,pin_only,none,2.0,swing,True,528,91,437,17.23,-23.67,12.02,0
ob_retest_pa,pin_only,none,2.0,day_trade,False,609,142,467,23.32,-15.98,6.38,0
ob_retest_pa,pin_only,none,2.0,day_trade,True,646,109,537,16.87,-18.64,6.02,0
ob_retest_pa,pin_only,none,2.5,swing,False,440,144,296,32.73,-13.99,12.43,1
ob_retest_pa,pin_only,none,2.5,swing,True,525,81,444,15.43,-22.22,13.97,0
ob_retest_pa,pin_only,none,2.5,day_trade,False,609,142,467,23.32,-15.44,6.53,0
ob_retest_pa,pin_only,none,2.5,day_trade,True,646,109,537,16.87,-18.19,6.2,0
ob_retest_pa,tbf_only,ema20,0.8,swing,False,207,115,92,55.56,-7.09,4.96,1
ob_retest_pa,tbf_only,ema20,0.8,swing,True,207,91,116,43.96,-8.56,4.67,1
ob_retest_pa,tbf_only,ema20,0.8,day_trade,False,226,49,177,21.68,-5.86,4.56,1
ob_retest_pa,tbf_only,ema20,0.8,day_trade,True,226,40,186,17.7,-6.36,4.18,1
ob_retest_pa,tbf_only,ema20,1.0,swing,False,195,100,95,51.28,-6.44,5.7,2
ob_retest_pa,tbf_only,ema20,1.0,swing,True,205,73,132,35.61,-8.35,5.23,1
ob_retest_pa,tbf_only,ema20,1.0,day_trade,False,221,43,178,19.46,-5.63,4.72,2
ob_retest_pa,tbf_only,ema20,1.0,day_trade,True,225,33,192,14.67,-6.36,4.17,1
ob_retest_pa,tbf_only,ema20,1.2,swing,False,185,88,97,47.57,-5.93,6.02,2
ob_retest_pa,tbf_only,ema20,1.2,swing,True,205,66,139,32.2,-7.84,5.5,1
ob_retest_pa,tbf_only,ema20,1.2,day_trade,False,217,40,177,18.43,-5.47,4.96,2
ob_retest_pa,tbf_only,ema20,1.2,day_trade,True,225,33,192,14.67,-6.08,4.61,1
ob_retest_pa,tbf_only,ema20,1.4,swing,False,181,78,103,43.09,-6.2,7.31,2
ob_retest_pa,tbf_only,ema20,1.4,swing,True,205,56,149,27.32,-8.21,6.54,2
ob_retest_pa,tbf_only,ema20,1.4,day_trade,False,216,38,178,17.59,-5.55,5.19,2
ob_retest_pa,tbf_only,ema20,1.4,day_trade,True,225,31,194,13.78,-6.15,4.79,2
ob_retest_pa,tbf_only,ema20,1.5,swing,False,180,75,105,41.67,-6.02,7.54,2
ob_retest_pa,tbf_only,ema20,1.5,swing,True,204,53,151,25.98,-7.98,6.79,2
ob_retest_pa,tbf_only,ema20,1.5,day_trade,False,215,37,178,17.21,-5.47,5.37,2
ob_retest_pa,tbf_only,ema20,1.5,day_trade,True,224,30,194,13.39,-6.09,4.93,2
ob_retest_pa,tbf_only,ema20,1.6,swing,False,180,72,108,40.0,-6.09,7.78,2
ob_retest_pa,tbf_only,ema20,1.6,swing,True,204,51,153,25.0,-7.78,6.88,2
ob_retest_pa,tbf_only,ema20,1.6,day_trade,False,215,37,178,17.21,-5.36,5.52,2
ob_retest_pa,tbf_only,ema20,1.6,day_trade,True,224,30,194,13.39,-6.0,5.05,2
ob_retest_pa,tbf_only,ema20,1.8,swing,False,177,64,113,36.16,-6.24,8.88,2
ob_retest_pa,tbf_only,ema20,1.8,swing,True,203,45,158,22.17,-7.75,7.51,2
ob_retest_pa,tbf_only,ema20,1.8,day_trade,False,215,37,178,17.21,-5.13,5.84,2
ob_retest_pa,tbf_only,ema20,1.8,day_trade,True,224,30,194,13.39,-5.81,5.3,2
ob_retest_pa,tbf_only,ema20,2.0,swing,False,175,60,115,34.29,-6.35,8.45,2
ob_retest_pa,tbf_only,ema20,2.0,swing,True,203,42,161,20.69,-7.73,7.2,2
ob_retest_pa,tbf_only,ema20,2.0,day_trade,False,215,37,178,17.21,-5.06,5.85,3
ob_retest_pa,tbf_only,ema20,2.0,day_trade,True,224,30,194,13.39,-5.8,5.26,2
ob_retest_pa,tbf_only,ema20,2.5,swing,False,173,55,118,31.79,-5.38,8.49,3
ob_retest_pa,tbf_only,ema20,2.5,swing,True,200,40,160,20.0,-6.35,7.81,3
ob_retest_pa,tbf_only,ema20,2.5,day_trade,False,214,37,177,17.29,-4.95,6.22,3
ob_retest_pa,tbf_only,ema20,2.5,day_trade,True,223,30,193,13.45,-5.68,5.58,2
ob_retest_pa,tbf_only,none,0.8,swing,False,385,211,174,54.81,-14.46,4.79,0
ob_retest_pa,tbf_only,none,0.8,swing,True,385,164,221,42.6,-17.39,5.27,0
ob_retest_pa,tbf_only,none,0.8,day_trade,False,422,111,311,26.3,-10.86,5.48,1
ob_retest_pa,tbf_only,none,0.8,day_trade,True,422,89,333,21.09,-12.26,5.61,0
ob_retest_pa,tbf_only,none,1.0,swing,False,366,186,180,50.82,-13.04,5.0,0
ob_retest_pa,tbf_only,none,1.0,swing,True,381,138,243,36.22,-16.49,5.06,0
ob_retest_pa,tbf_only,none,1.0,day_trade,False,412,97,315,23.54,-10.57,5.42,1
ob_retest_pa,tbf_only,none,1.0,day_trade,True,419,75,344,17.9,-12.16,5.27,0
ob_retest_pa,tbf_only,none,1.2,swing,False,348,164,184,47.13,-11.94,5.61,0
ob_retest_pa,tbf_only,none,1.2,swing,True,381,120,261,31.5,-16.04,5.42,0
ob_retest_pa,tbf_only,none,1.2,day_trade,False,406,92,314,22.66,-10.17,5.58,1
ob_retest_pa,tbf_only,none,1.2,day_trade,True,419,72,347,17.18,-11.95,5.61,0
ob_retest_pa,tbf_only,none,1.4,swing,False,335,142,193,42.39,-12.22,7.17,0
ob_retest_pa,tbf_only,none,1.4,swing,True,379,102,277,26.91,-16.22,6.8,0
ob_retest_pa,tbf_only,none,1.4,day_trade,False,400,85,315,21.25,-10.29,5.82,1
ob_retest_pa,tbf_only,none,1.4,day_trade,True,417,65,352,15.59,-12.15,5.57,0
ob_retest_pa,tbf_only,none,1.5,swing,False,332,135,197,40.66,-12.06,7.55,0
ob_retest_pa,tbf_only,none,1.5,swing,True,378,97,281,25.66,-15.85,6.94,0
ob_retest_pa,tbf_only,none,1.5,day_trade,False,399,84,315,21.05,-10.08,6.04,1
ob_retest_pa,tbf_only,none,1.5,day_trade,True,416,64,352,15.38,-12.01,5.69,0
ob_retest_pa,tbf_only,none,1.6,swing,False,331,132,199,39.88,-11.58,7.46,1
ob_retest_pa,tbf_only,none,1.6,swing,True,378,95,283,25.13,-15.32,6.94,0
ob_retest_pa,tbf_only,none,1.6,day_trade,False,399,84,315,21.05,-9.84,6.16,1
ob_retest_pa,tbf_only,none,1.6,day_trade,True,416,64,352,15.38,-11.84,5.77,0
ob_retest_pa,tbf_only,none,1.8,swing,False,326,120,206,36.81,-11.61,8.59,3
ob_retest_pa,tbf_only,none,1.8,swing,True,377,87,290,23.08,-15.1,7.35,0
ob_retest_pa,tbf_only,none,1.8,day_trade,False,399,83,316,20.8,-9.86,6.89,1
ob_retest_pa,tbf_only,none,1.8,day_trade,True,416,63,353,15.14,-11.69,6.08,0
ob_retest_pa,tbf_only,none,2.0,swing,False,322,115,207,35.71,-10.92,8.24,2
ob_retest_pa,tbf_only,none,2.0,swing,True,377,83,294,22.02,-14.7,7.48,1
ob_retest_pa,tbf_only,none,2.0,day_trade,False,399,83,316,20.8,-9.66,7.03,1
ob_retest_pa,tbf_only,none,2.0,day_trade,True,416,63,353,15.14,-11.6,6.17,0
ob_retest_pa,tbf_only,none,2.5,swing,False,318,106,212,33.33,-8.96,8.21,2
ob_retest_pa,tbf_only,none,2.5,swing,True,371,72,299,19.41,-13.3,6.79,0
ob_retest_pa,tbf_only,none,2.5,day_trade,False,398,83,315,20.85,-9.29,7.3,1
ob_retest_pa,tbf_only,none,2.5,day_trade,True,415,63,352,15.18,-11.43,6.23,0
ob_retest_pa,all,ema20,0.8,swing,False,402,219,183,54.48,-14.06,7.0,0
ob_retest_pa,all,ema20,0.8,swing,True,402,171,231,42.54,-16.99,7.55,0
ob_retest_pa,all,ema20,0.8,day_trade,False,501,136,365,27.15,-14.21,6.9,0
ob_retest_pa,all,ema20,0.8,day_trade,True,501,113,388,22.55,-15.64,7.03,0
ob_retest_pa,all,ema20,1.0,swing,False,369,179,190,48.51,-13.61,7.66,1
ob_retest_pa,all,ema20,1.0,swing,True,400,134,266,33.5,-16.91,7.64,0
ob_retest_pa,all,ema20,1.0,day_trade,False,485,117,368,24.12,-14.37,6.75,0
ob_retest_pa,all,ema20,1.0,day_trade,True,499,95,404,19.04,-16.08,6.8,0
ob_retest_pa,all,ema20,1.2,swing,False,351,160,191,45.58,-12.28,7.24,0
ob_retest_pa,all,ema20,1.2,swing,True,397,120,277,30.23,-15.95,7.61,0
ob_retest_pa,all,ema20,1.2,day_trade,False,477,109,368,22.85,-13.98,7.24,1
ob_retest_pa,all,ema20,1.2,day_trade,True,497,91,406,18.31,-15.68,7.26,0
ob_retest_pa,all,ema20,1.4,swing,False,339,144,195,42.48,-11.64,8.32,1
ob_retest_pa,all,ema20,1.4,swing,True,394,101,293,25.63,-16.45,7.5,0
ob_retest_pa,all,ema20,1.4,day_trade,False,474,107,367,22.57,-13.53,7.35,1
ob_retest_pa,all,ema20,1.4,day_trade,True,494,89,405,18.02,-15.35,7.39,1
ob_retest_pa,all,ema20,1.5,swing,False,331,135,196,40.79,-11.34,8.47,2
ob_retest_pa,all,ema20,1.5,swing,True,393,96,297,24.43,-16.13,8.01,0
ob_retest_pa,all,ema20,1.5,day_trade,False,472,105,367,22.25,-13.4,7.64,1
ob_retest_pa,all,ema20,1.5,day_trade,True,494,89,405,18.02,-15.1,7.54,1
ob_retest_pa,all,ema20,1.6,swing,False,323,127,196,39.32,-11.06,8.67,2
ob_retest_pa,all,ema20,1.6,swing,True,392,89,303,22.7,-16.11,8.16,1
ob_retest_pa,all,ema20,1.6,day_trade,False,471,104,367,22.08,-13.44,7.97,1
ob_retest_pa,all,ema20,1.6,day_trade,True,494,87,407,17.61,-15.13,7.81,1
ob_retest_pa,all,ema20,1.8,swing,False,320,119,201,37.19,-10.18,9.5,2
ob_retest_pa,all,ema20,1.8,swing,True,392,84,308,21.43,-15.37,8.8,1
ob_retest_pa,all,ema20,1.8,day_trade,False,471,104,367,22.08,-13.02,8.28,1
ob_retest_pa,all,ema20,1.8,day_trade,True,494,87,407,17.61,-14.8,8.04,1
ob_retest_pa,all,ema20,2.0,swing,False,313,113,200,36.1,-9.37,9.77,2
ob_retest_pa,all,ema20,2.0,swing,True,390,80,310,20.51,-15.31,9.28,1
ob_retest_pa,all,ema20,2.0,day_trade,False,471,104,367,22.08,-12.8,8.53,1
ob_retest_pa,all,ema20,2.0,day_trade,True,494,87,407,17.61,-14.61,8.16,1
ob_retest_pa,all,ema20,2.5,swing,False,312,106,206,33.97,-7.25,11.19,4
ob_retest_pa,all,ema20,2.5,swing,True,388,73,315,18.81,-13.65,9.98,1
ob_retest_pa,all,ema20,2.5,day_trade,False,471,104,367,22.08,-12.48,8.78,1
ob_retest_pa,all,ema20,2.5,day_trade,True,494,87,407,17.61,-14.33,8.25,1
ob_retest_pa,all,none,0.8,swing,False,755,422,333,55.89,-27.4,7.09,0
ob_retest_pa,all,none,0.8,swing,True,755,324,431,42.91,-33.53,9.45,0
ob_retest_pa,all,none,0.8,day_trade,False,923,284,639,30.77,-24.05,7.45,0
ob_retest_pa,all,none,0.8,day_trade,True,923,227,696,24.59,-27.78,8.51,0
ob_retest_pa,all,none,1.0,swing,False,690,350,340,50.72,-25.5,9.1,0
ob_retest_pa,all,none,1.0,swing,True,748,260,488,34.76,-32.87,9.26,0
ob_retest_pa,all,none,1.0,day_trade,False,885,245,640,27.68,-23.56,7.61,0
ob_retest_pa,all,none,1.0,day_trade,True,918,196,722,21.35,-27.82,8.66,0
ob_retest_pa,all,none,1.2,swing,False,661,315,346,47.66,-23.37,9.4,0
ob_retest_pa,all,none,1.2,swing,True,742,231,511,31.13,-31.51,10.03,0
ob_retest_pa,all,none,1.2,day_trade,False,870,228,642,26.21,-22.32,8.3,0
ob_retest_pa,all,none,1.2,day_trade,True,915,182,733,19.89,-27.3,8.99,0
ob_retest_pa,all,none,1.4,swing,False,636,279,357,43.87,-22.22,9.72,0
ob_retest_pa,all,none,1.4,swing,True,740,197,543,26.62,-31.76,10.5,0
ob_retest_pa,all,none,1.4,day_trade,False,856,213,643,24.88,-22.05,8.57,0
ob_retest_pa,all,none,1.4,day_trade,True,910,170,740,18.68,-27.07,9.1,0
ob_retest_pa,all,none,1.5,swing,False,622,263,359,42.28,-21.57,10.12,0
ob_retest_pa,all,none,1.5,swing,True,736,184,552,25.0,-31.61,10.56,0
ob_retest_pa,all,none,1.5,day_trade,False,849,206,643,24.26,-22.17,8.77,0
ob_retest_pa,all,none,1.5,day_trade,True,907,165,742,18.19,-27.21,9.29,0
ob_retest_pa,all,none,1.6,swing,False,605,246,359,40.66,-21.05,9.98,0
ob_retest_pa,all,none,1.6,swing,True,733,170,563,23.19,-31.59,10.36,0
ob_retest_pa,all,none,1.6,day_trade,False,843,201,642,23.84,-22.25,9.04,0
ob_retest_pa,all,none,1.6,day_trade,True,904,161,743,17.81,-27.19,9.25,0
ob_retest_pa,all,none,1.8,swing,False,595,229,366,38.49,-19.6,10.17,0
ob_retest_pa,all,none,1.8,swing,True,730,159,571,21.78,-30.22,10.88,0
ob_retest_pa,all,none,1.8,day_trade,False,842,197,645,23.4,-22.44,9.64,0
ob_retest_pa,all,none,1.8,day_trade,True,903,159,744,17.61,-26.81,9.2,0
ob_retest_pa,all,none,2.0,swing,False,586,215,371,36.69,-18.68,11.12,2
ob_retest_pa,all,none,2.0,swing,True,726,148,578,20.39,-30.05,12.23,0
ob_retest_pa,all,none,2.0,day_trade,False,842,196,646,23.28,-22.18,10.1,1
ob_retest_pa,all,none,2.0,day_trade,True,903,157,746,17.39,-26.8,9.33,0
ob_retest_pa,all,none,2.5,swing,False,572,198,374,34.62,-14.67,13.45,3
ob_retest_pa,all,none,2.5,swing,True,716,128,588,17.88,-27.93,13.71,0
ob_retest_pa,all,none,2.5,day_trade,False,841,196,645,23.31,-21.45,10.43,1
ob_retest_pa,all,none,2.5,day_trade,True,902,157,745,17.41,-26.34,9.19,0
dr_sweep_pa,tbf_or_pin,ema20,0.8,swing,False,134,77,57,57.46,-5.28,4.85,2
dr_sweep_pa,tbf_or_pin,ema20,0.8,swing,True,134,61,73,45.52,-6.47,4.84,1
dr_sweep_pa,tbf_or_pin,ema20,0.8,day_trade,False,150,34,116,22.67,-4.66,2.9,1
dr_sweep_pa,tbf_or_pin,ema20,0.8,day_trade,True,150,27,123,18.0,-5.23,2.7,0
dr_sweep_pa,tbf_or_pin,ema20,1.0,swing,False,133,70,63,52.63,-4.97,4.79,3
dr_sweep_pa,tbf_or_pin,ema20,1.0,swing,True,134,52,82,38.81,-6.18,4.75,2
dr_sweep_pa,tbf_or_pin,ema20,1.0,day_trade,False,148,29,119,19.59,-4.92,3.28,1
dr_sweep_pa,tbf_or_pin,ema20,1.0,day_trade,True,150,21,129,14.0,-5.54,2.57,0
dr_sweep_pa,tbf_or_pin,ema20,1.2,swing,False,131,62,69,47.33,-5.65,5.18,1
dr_sweep_pa,tbf_or_pin,ema20,1.2,swing,True,134,42,92,31.34,-6.72,4.32,1
dr_sweep_pa,tbf_or_pin,ema20,1.2,day_trade,False,146,26,120,17.81,-4.9,3.39,1
dr_sweep_pa,tbf_or_pin,ema20,1.2,day_trade,True,150,19,131,12.67,-5.6,2.6,0
dr_sweep_pa,tbf_or_pin,ema20,1.4,swing,False,128,55,73,42.97,-5.53,5.2,3
dr_sweep_pa,tbf_or_pin,ema20,1.4,swing,True,133,36,97,27.07,-6.55,4.37,2
dr_sweep_pa,tbf_or_pin,ema20,1.4,day_trade,False,146,24,122,16.44,-5.01,3.36,1
dr_sweep_pa,tbf_or_pin,ema20,1.4,day_trade,True,150,18,132,12.0,-5.58,2.55,0
dr_sweep_pa,tbf_or_pin,ema20,1.5,swing,False,128,54,74,42.19,-5.27,5.23,4
dr_sweep_pa,tbf_or_pin,ema20,1.5,swing,True,133,35,98,26.32,-6.37,4.43,2
dr_sweep_pa,tbf_or_pin,ema20,1.5,day_trade,False,146,24,122,16.44,-4.92,3.42,1
dr_sweep_pa,tbf_or_pin,ema20,1.5,day_trade,True,150,18,132,12.0,-5.52,2.56,0
dr_sweep_pa,tbf_or_pin,ema20,1.6,swing,False,128,52,76,40.62,-5.43,5.3,3
dr_sweep_pa,tbf_or_pin,ema20,1.6,swing,True,133,32,101,24.06,-6.61,4.84,3
dr_sweep_pa,tbf_or_pin,ema20,1.6,day_trade,False,146,23,123,15.75,-5.3,3.65,1
dr_sweep_pa,tbf_or_pin,ema20,1.6,day_trade,True,150,17,133,11.33,-5.78,2.79,0
dr_sweep_pa,tbf_or_pin,ema20,1.8,swing,False,128,51,77,39.84,-4.83,5.54,3
dr_sweep_pa,tbf_or_pin,ema20,1.8,swing,True,133,32,101,24.06,-6.12,4.97,3
dr_sweep_pa,tbf_or_pin,ema20,1.8,day_trade,False,146,23,123,15.75,-5.23,3.78,1
dr_sweep_pa,tbf_or_pin,ema20,1.8,day_trade,True,150,17,133,11.33,-5.74,2.81,0
dr_sweep_pa,tbf_or_pin,ema20,2.0,swing,False,126,50,76,39.68,-4.03,5.78,4
dr_sweep_pa,tbf_or_pin,ema20,2.0,swing,True,133,30,103,22.56,-5.9,5.21,3
dr_sweep_pa,tbf_or_pin,ema20,2.0,day_trade,False,145,22,123,15.17,-5.2,3.86,1
dr_sweep_pa,tbf_or_pin,ema20,2.0,day_trade,True,150,17,133,11.33,-5.7,2.84,0
dr_sweep_pa,tbf_or_pin,ema20,2.5,swing,False,125,46,79,36.8,-3.09,7.4,5
dr_sweep_pa,tbf_or_pin,ema20,2.5,swing,True,133,27,106,20.3,-5.5,6.18,3
dr_sweep_pa,tbf_or_pin,ema20,2.5,day_trade,False,145,22,123,15.17,-5.02,4.14,1
dr_sweep_pa,tbf_or_pin,ema20,2.5,day_trade,True,150,17,133,11.33,-5.59,2.94,0
dr_sweep_pa,tbf_or_pin,none,0.8,swing,False,811,462,349,56.97,-27.69,8.75,0
dr_sweep_pa,tbf_or_pin,none,0.8,swing,True,811,361,450,44.51,-33.91,11.01,0
dr_sweep_pa,tbf_or_pin,none,0.8,day_trade,False,965,266,699,27.56,-25.69,9.3,0
dr_sweep_pa,tbf_or_pin,none,0.8,day_trade,True,965,216,749,22.38,-28.84,9.99,0
dr_sweep_pa,tbf_or_pin,none,1.0,swing,False,776,407,369,52.45,-25.27,9.92,0
dr_sweep_pa,tbf_or_pin,none,1.0,swing,True,809,313,496,38.69,-32.16,10.48,0
dr_sweep_pa,tbf_or_pin,none,1.0,day_trade,False,941,230,711,24.44,-25.62,9.93,0
dr_sweep_pa,tbf_or_pin,none,1.0,day_trade,True,963,189,774,19.63,-28.76,9.79,0
dr_sweep_pa,tbf_or_pin,none,1.2,swing,False,746,359,387,48.12,-24.84,12.32,1
dr_sweep_pa,tbf_or_pin,none,1.2,swing,True,808,261,547,32.3,-32.52,11.63,0
dr_sweep_pa,tbf_or_pin,none,1.2,day_trade,False,929,211,718,22.71,-25.51,10.97,0
dr_sweep_pa,tbf_or_pin,none,1.2,day_trade,True,962,170,792,17.67,-29.12,10.14,0
dr_sweep_pa,tbf_or_pin,none,1.4,swing,False,725,322,403,44.41,-23.5,13.17,1
dr_sweep_pa,tbf_or_pin,none,1.4,swing,True,807,228,579,28.25,-32.04,12.71,0
dr_sweep_pa,tbf_or_pin,none,1.4,day_trade,False,922,199,723,21.58,-25.32,11.06,1
dr_sweep_pa,tbf_or_pin,none,1.4,day_trade,True,962,160,802,16.63,-28.99,10.26,0
dr_sweep_pa,tbf_or_pin,none,1.5,swing,False,720,312,408,43.33,-22.61,14.04,1
dr_sweep_pa,tbf_or_pin,none,1.5,swing,True,806,215,591,26.67,-31.98,13.19,0
dr_sweep_pa,tbf_or_pin,none,1.5,day_trade,False,921,193,728,20.96,-25.73,11.16,1
dr_sweep_pa,tbf_or_pin,none,1.5,day_trade,True,962,154,808,16.01,-29.46,10.18,0
dr_sweep_pa,tbf_or_pin,none,1.6,swing,False,715,304,411,42.52,-21.65,14.81,1
dr_sweep_pa,tbf_or_pin,none,1.6,swing,True,806,203,603,25.19,-31.96,14.48,0
dr_sweep_pa,tbf_or_pin,none,1.6,day_trade,False,920,190,730,20.65,-26.09,11.4,1
dr_sweep_pa,tbf_or_pin,none,1.6,day_trade,True,962,151,811,15.7,-29.83,10.63,0
dr_sweep_pa,tbf_or_pin,none,1.8,swing,False,709,291,418,41.04,-19.09,15.69,2
dr_sweep_pa,tbf_or_pin,none,1.8,swing,True,806,191,615,23.7,-30.64,15.11,1
dr_sweep_pa,tbf_or_pin,none,1.8,day_trade,False,919,188,731,20.46,-26.1,10.63,0
dr_sweep_pa,tbf_or_pin,none,1.8,day_trade,True,962,149,813,15.49,-29.71,10.44,0
dr_sweep_pa,tbf_or_pin,none,2.0,swing,False,700,278,422,39.71,-16.91,17.31,2
dr_sweep_pa,tbf_or_pin,none,2.0,swing,True,806,177,629,21.96,-30.05,16.31,2
dr_sweep_pa,tbf_or_pin,none,2.0,day_trade,False,917,186,731,20.28,-26.02,10.92,0
dr_sweep_pa,tbf_or_pin,none,2.0,day_trade,True,962,148,814,15.38,-29.7,10.43,0
dr_sweep_pa,tbf_or_pin,none,2.5,swing,False,684,240,444,35.09,-15.61,17.23,2
dr_sweep_pa,tbf_or_pin,none,2.5,swing,True,805,152,653,18.88,-28.81,17.17,2
dr_sweep_pa,tbf_or_pin,none,2.5,day_trade,False,916,184,732,20.09,-25.87,11.05,0
dr_sweep_pa,tbf_or_pin,none,2.5,day_trade,True,962,147,815,15.28,-29.52,10.25,0
dr_sweep_pa,pin_only,ema20,0.8,swing,False,95,52,43,54.74,-3.84,4.2,4
dr_sweep_pa,pin_only,ema20,0.8,swing,True,95,41,54,43.16,-4.66,4.17,3
dr_sweep_pa,pin_only,ema20,0.8,day_trade,False,107,23,84,21.5,-3.16,2.56,1
dr_sweep_pa,pin_only,ema20,0.8,day_trade,True,107,16,91,14.95,-3.73,2.24,0
dr_sweep_pa,pin_only,ema20,1.0,swing,False,94,49,45,52.13,-3.33,4.28,4
dr_sweep_pa,pin_only,ema20,1.0,swing,True,95,37,58,38.95,-4.3,4.16,3
dr_sweep_pa,pin_only,ema20,1.0,day_trade,False,105,20,85,19.05,-3.15,2.55,1
dr_sweep_pa,pin_only,ema20,1.0,day_trade,True,107,13,94,12.15,-3.81,2.2,0
dr_sweep_pa,pin_only,ema20,1.2,swing,False,92,43,49,46.74,-3.63,4.35,4
dr_sweep_pa,pin_only,ema20,1.2,swing,True,95,30,65,31.58,-4.51,3.62,2
dr_sweep_pa,pin_only,ema20,1.2,day_trade,False,103,17,86,16.5,-3.14,2.61,1
dr_sweep_pa,pin_only,ema20,1.2,day_trade,True,107,11,96,10.28,-3.87,2.21,0
dr_sweep_pa,pin_only,ema20,1.4,swing,False,91,40,51,43.96,-3.37,4.6,4
dr_sweep_pa,pin_only,ema20,1.4,swing,True,95,27,68,28.42,-4.36,3.57,2
dr_sweep_pa,pin_only,ema20,1.4,day_trade,False,103,16,87,15.53,-3.13,2.67,1
dr_sweep_pa,pin_only,ema20,1.4,day_trade,True,107,11,96,10.28,-3.81,2.26,0
dr_sweep_pa,pin_only,ema20,1.5,swing,False,91,40,51,43.96,-3.06,4.7,5
dr_sweep_pa,pin_only,ema20,1.5,swing,True,95,27,68,28.42,-4.15,3.58,2
dr_sweep_pa,pin_only,ema20,1.5,day_trade,False,103,16,87,15.53,-3.06,2.74,1
dr_sweep_pa,pin_only,ema20,1.5,day_trade,True,107,11,96,10.28,-3.77,2.28,0
dr_sweep_pa,pin_only,ema20,1.6,swing,False,91,39,52,42.86,-3.17,4.28,4
dr_sweep_pa,pin_only,ema20,1.6,swing,True,95,26,69,27.37,-4.19,3.59,2
dr_sweep_pa,pin_only,ema20,1.6,day_trade,False,103,15,88,14.56,-3.39,2.78,1
dr_sweep_pa,pin_only,ema20,1.6,day_trade,True,107,10,97,9.35,-3.98,2.35,0
dr_sweep_pa,pin_only,ema20,1.8,swing,False,91,38,53,41.76,-2.86,4.33,6
dr_sweep_pa,pin_only,ema20,1.8,swing,True,95,26,69,27.37,-3.88,3.61,2
dr_sweep_pa,pin_only,ema20,1.8,day_trade,False,103,15,88,14.56,-3.32,2.91,1
dr_sweep_pa,pin_only,ema20,1.8,day_trade,True,107,10,97,9.35,-3.94,2.4,0
dr_sweep_pa,pin_only,ema20,2.0,swing,False,90,37,53,41.11,-2.41,4.62,6
dr_sweep_pa,pin_only,ema20,2.0,swing,True,95,24,71,25.26,-3.79,3.93,4
dr_sweep_pa,pin_only,ema20,2.0,day_trade,False,103,15,88,14.56,-3.23,3.03,2
dr_sweep_pa,pin_only,ema20,2.0,day_trade,True,107,10,97,9.35,-3.9,2.46,1
dr_sweep_pa,pin_only,ema20,2.5,swing,False,89,34,55,38.2,-1.69,5.45,6
dr_sweep_pa,pin_only,ema20,2.5,swing,True,95,22,73,23.16,-3.39,4.63,4
dr_sweep_pa,pin_only,ema20,2.5,day_trade,False,103,15,88,14.56,-3.05,3.37,2
dr_sweep_pa,pin_only,ema20,2.5,day_trade,True,107,10,97,9.35,-3.8,2.61,1
dr_sweep_pa,pin_only,none,0.8,swing,False,648,373,275,57.56,-20.97,8.41,0
dr_sweep_pa,pin_only,none,0.8,swing,True,648,285,363,43.98,-26.3,10.08,0
dr_sweep_pa,pin_only,none,0.8,day_trade,False,756,196,560,25.93,-19.01,9.47,0
dr_sweep_pa,pin_only,none,0.8,day_trade,True,756,153,603,20.24,-21.69,9.61,0
dr_sweep_pa,pin_only,none,1.0,swing,False,624,333,291,53.37,-18.52,8.23,0
dr_sweep_pa,pin_only,none,1.0,swing,True,647,253,394,39.1,-24.45,9.77,0
dr_sweep_pa,pin_only,none,1.0,day_trade,False,739,171,568,23.14,-18.81,9.8,0
dr_sweep_pa,pin_only,none,1.0,day_trade,True,755,134,621,17.75,-21.52,9.45,0
dr_sweep_pa,pin_only,none,1.2,swing,False,603,289,314,47.93,-19.43,9.73,0
dr_sweep_pa,pin_only,none,1.2,swing,True,646,212,434,32.82,-24.81,10.76,0
dr_sweep_pa,pin_only,none,1.2,day_trade,False,732,157,575,21.45,-18.79,10.49,0
dr_sweep_pa,pin_only,none,1.2,day_trade,True,754,121,633,16.05,-21.77,9.61,0
dr_sweep_pa,pin_only,none,1.4,swing,False,591,263,328,44.5,-18.19,10.46,1
dr_sweep_pa,pin_only,none,1.4,swing,True,646,187,459,28.95,-24.39,11.2,0
dr_sweep_pa,pin_only,none,1.4,day_trade,False,728,149,579,20.47,-18.61,10.79,0
dr_sweep_pa,pin_only,none,1.4,day_trade,True,754,113,641,14.99,-21.72,10.01,0
dr_sweep_pa,pin_only,none,1.5,swing,False,589,254,335,43.12,-18.0,10.23,1
dr_sweep_pa,pin_only,none,1.5,swing,True,646,177,469,27.4,-24.51,11.1,0
dr_sweep_pa,pin_only,none,1.5,day_trade,False,728,144,584,19.78,-19.15,10.73,0
dr_sweep_pa,pin_only,none,1.5,day_trade,True,754,108,646,14.32,-22.28,9.88,0
dr_sweep_pa,pin_only,none,1.6,swing,False,584,246,338,42.12,-17.58,10.48,2
dr_sweep_pa,pin_only,none,1.6,swing,True,646,166,480,25.7,-24.68,11.95,1
dr_sweep_pa,pin_only,none,1.6,day_trade,False,727,142,585,19.53,-19.41,10.88,1
dr_sweep_pa,pin_only,none,1.6,day_trade,True,754,106,648,14.06,-22.53,10.23,0
dr_sweep_pa,pin_only,none,1.8,swing,False,580,239,341,41.21,-15.01,10.35,2
dr_sweep_pa,pin_only,none,1.8,swing,True,646,158,488,24.46,-23.39,11.76,1
dr_sweep_pa,pin_only,none,1.8,day_trade,False,726,140,586,19.28,-19.28,10.84,1
dr_sweep_pa,pin_only,none,1.8,day_trade,True,754,104,650,13.79,-22.44,10.25,0
dr_sweep_pa,pin_only,none,2.0,swing,False,573,227,346,39.62,-13.33,11.66,2
dr_sweep_pa,pin_only,none,2.0,swing,True,646,148,498,22.91,-22.76,12.76,1
dr_sweep_pa,pin_only,none,2.0,day_trade,False,726,140,586,19.28,-18.94,11.04,1
dr_sweep_pa,pin_only,none,2.0,day_trade,True,754,104,650,13.79,-22.22,10.36,0
dr_sweep_pa,pin_only,none,2.5,swing,False,560,195,365,34.82,-12.11,11.52,2
dr_sweep_pa,pin_only,none,2.5,swing,True,644,124,520,19.25,-22.11,12.63,1
dr_sweep_pa,pin_only,none,2.5,day_trade,False,725,138,587,19.03,-18.87,11.2,1
dr_sweep_pa,pin_only,none,2.5,day_trade,True,754,103,651,13.66,-22.13,10.37,0
dr_sweep_pa,tbf_only,ema20,0.8,swing,False,71,39,32,54.93,-3.65,4.17,3
dr_sweep_pa,tbf_only,ema20,0.8,swing,True,71,30,41,42.25,-4.3,4.35,3
dr_sweep_pa,tbf_only,ema20,0.8,day_trade,False,73,15,58,20.55,-2.76,2.66,1
dr_sweep_pa,tbf_only,ema20,0.8,day_trade,True,73,14,59,19.18,-2.82,2.67,1
dr_sweep_pa,tbf_only,ema20,1.0,swing,False,71,35,36,49.3,-3.63,4.02,3
dr_sweep_pa,tbf_only,ema20,1.0,swing,True,71,25,46,35.21,-4.23,4.25,2
dr_sweep_pa,tbf_only,ema20,1.0,day_trade,False,73,13,60,17.81,-2.99,2.58,1
dr_sweep_pa,tbf_only,ema20,1.0,day_trade,True,73,11,62,15.07,-3.03,2.49,1
dr_sweep_pa,tbf_only,ema20,1.2,swing,False,70,31,39,44.29,-3.91,4.08,2
dr_sweep_pa,tbf_only,ema20,1.2,swing,True,71,20,51,28.17,-4.57,3.97,2
dr_sweep_pa,tbf_only,ema20,1.2,day_trade,False,72,12,60,16.67,-3.01,2.54,1
dr_sweep_pa,tbf_only,ema20,1.2,day_trade,True,73,10,63,13.7,-3.12,2.44,1
dr_sweep_pa,tbf_only,ema20,1.4,swing,False,70,28,42,40.0,-3.9,4.06,2
dr_sweep_pa,tbf_only,ema20,1.4,swing,True,71,17,54,23.94,-4.55,3.9,1
dr_sweep_pa,tbf_only,ema20,1.4,day_trade,False,72,11,61,15.28,-3.12,2.51,1
dr_sweep_pa,tbf_only,ema20,1.4,day_trade,True,73,9,64,12.33,-3.17,2.46,1
dr_sweep_pa,tbf_only,ema20,1.5,swing,False,70,26,44,37.14,-4.01,3.8,2
dr_sweep_pa,tbf_only,ema20,1.5,swing,True,71,16,55,22.54,-4.51,3.99,1
dr_sweep_pa,tbf_only,ema20,1.5,day_trade,False,72,11,61,15.28,-3.09,2.51,1
dr_sweep_pa,tbf_only,ema20,1.5,day_trade,True,73,9,64,12.33,-3.15,2.47,1
dr_sweep_pa,tbf_only,ema20,1.6,swing,False,70,25,45,35.71,-3.97,4.06,2
dr_sweep_pa,tbf_only,ema20,1.6,swing,True,71,14,57,19.72,-4.65,4.11,2
dr_sweep_pa,tbf_only,ema20,1.6,day_trade,False,72,11,61,15.28,-3.13,2.52,1
dr_sweep_pa,tbf_only,ema20,1.6,day_trade,True,73,9,64,12.33,-3.19,2.47,1
dr_sweep_pa,tbf_only,ema20,1.8,swing,False,70,25,45,35.71,-3.55,4.13,3
dr_sweep_pa,tbf_only,ema20,1.8,swing,True,71,14,57,19.72,-4.44,4.15,2
dr_sweep_pa,tbf_only,ema20,1.8,day_trade,False,72,11,61,15.28,-3.11,2.52,1
dr_sweep_pa,tbf_only,ema20,1.8,day_trade,True,73,9,64,12.33,-3.19,2.47,1
dr_sweep_pa,tbf_only,ema20,2.0,swing,False,69,23,46,33.33,-3.88,4.36,3
dr_sweep_pa,tbf_only,ema20,2.0,swing,True,71,13,58,18.31,-4.36,4.29,4
dr_sweep_pa,tbf_only,ema20,2.0,day_trade,False,72,11,61,15.28,-3.09,2.52,1
dr_sweep_pa,tbf_only,ema20,2.0,day_trade,True,73,9,64,12.33,-3.19,2.47,1
dr_sweep_pa,tbf_only,ema20,2.5,swing,False,69,22,47,31.88,-3.49,5.07,3
dr_sweep_pa,tbf_only,ema20,2.5,swing,True,71,11,60,15.49,-4.46,4.72,4
dr_sweep_pa,tbf_only,ema20,2.5,day_trade,False,72,11,61,15.28,-3.05,2.52,1
dr_sweep_pa,tbf_only,ema20,2.5,day_trade,True,73,9,64,12.33,-3.19,2.47,1
dr_sweep_pa,tbf_only,none,0.8,swing,False,456,254,202,55.7,-17.02,6.93,0
dr_sweep_pa,tbf_only,none,0.8,swing,True,456,203,253,44.52,-20.17,7.39,0
dr_sweep_pa,tbf_only,none,0.8,day_trade,False,504,135,369,26.79,-14.9,5.87,0
dr_sweep_pa,tbf_only,none,0.8,day_trade,True,504,118,386,23.41,-15.95,6.16,0
dr_sweep_pa,tbf_only,none,1.0,swing,False,444,224,220,50.45,-17.18,7.76,0
dr_sweep_pa,tbf_only,none,1.0,swing,True,455,168,287,36.92,-20.3,7.87,0
dr_sweep_pa,tbf_only,none,1.0,day_trade,False,497,121,376,24.35,-15.08,5.99,0
dr_sweep_pa,tbf_only,none,1.0,day_trade,True,502,107,395,21.31,-15.96,6.0,0
dr_sweep_pa,tbf_only,none,1.2,swing,False,435,205,230,47.13,-16.11,8.86,1
dr_sweep_pa,tbf_only,none,1.2,swing,True,455,137,318,30.11,-20.69,8.54,0
dr_sweep_pa,tbf_only,none,1.2,day_trade,False,495,114,381,23.03,-15.1,6.42,0
dr_sweep_pa,tbf_only,none,1.2,day_trade,True,502,97,405,19.32,-16.25,6.3,0
dr_sweep_pa,tbf_only,none,1.4,swing,False,428,190,238,44.39,-15.04,9.11,1
dr_sweep_pa,tbf_only,none,1.4,swing,True,454,123,331,27.09,-19.96,8.84,0
dr_sweep_pa,tbf_only,none,1.4,day_trade,False,493,107,386,21.7,-15.23,6.37,0
dr_sweep_pa,tbf_only,none,1.4,day_trade,True,502,91,411,18.13,-16.38,6.25,0
dr_sweep_pa,tbf_only,none,1.5,swing,False,428,186,242,43.46,-14.35,9.15,1
dr_sweep_pa,tbf_only,none,1.5,swing,True,454,118,336,25.99,-19.54,8.93,0
dr_sweep_pa,tbf_only,none,1.5,day_trade,False,493,106,387,21.5,-15.17,6.3,0
dr_sweep_pa,tbf_only,none,1.5,day_trade,True,502,90,412,17.93,-16.33,6.13,0
dr_sweep_pa,tbf_only,none,1.6,swing,False,427,182,245,42.62,-13.88,9.67,1
dr_sweep_pa,tbf_only,none,1.6,swing,True,454,113,341,24.89,-19.23,9.58,1
dr_sweep_pa,tbf_only,none,1.6,day_trade,False,493,105,388,21.3,-15.24,6.41,0
dr_sweep_pa,tbf_only,none,1.6,day_trade,True,502,89,413,17.73,-16.44,6.24,0
dr_sweep_pa,tbf_only,none,1.8,swing,False,424,173,251,40.8,-12.82,9.85,1
dr_sweep_pa,tbf_only,none,1.8,swing,True,454,107,347,23.57,-18.52,9.84,1
dr_sweep_pa,tbf_only,none,1.8,day_trade,False,493,105,388,21.3,-15.41,6.04,0
dr_sweep_pa,tbf_only,none,1.8,day_trade,True,502,89,413,17.73,-16.4,6.12,0
dr_sweep_pa,tbf_only,none,2.0,swing,False,422,165,257,39.1,-12.41,11.53,1
dr_sweep_pa,tbf_only,none,2.0,swing,True,454,99,355,21.81,-18.18,10.91,1
dr_sweep_pa,tbf_only,none,2.0,day_trade,False,493,104,389,21.1,-15.69,6.14,0
dr_sweep_pa,tbf_only,none,2.0,day_trade,True,502,88,414,17.53,-16.69,6.16,0
dr_sweep_pa,tbf_only,none,2.5,swing,False,420,150,270,35.71,-11.12,13.12,4
dr_sweep_pa,tbf_only,none,2.5,swing,True,454,86,368,18.94,-17.68,12.19,2
dr_sweep_pa,tbf_only,none,2.5,day_trade,False,493,103,390,20.89,-15.73,5.97,0
dr_sweep_pa,tbf_only,none,2.5,day_trade,True,502,87,415,17.33,-16.72,6.12,0
dr_sweep_pa,all,ema20,0.8,swing,False,196,108,88,55.1,-8.12,7.14,2
dr_sweep_pa,all,ema20,0.8,swing,True,196,86,110,43.88,-9.86,6.66,1
dr_sweep_pa,all,ema20,0.8,day_trade,False,221,56,165,25.34,-7.62,5.29,1
dr_sweep_pa,all,ema20,0.8,day_trade,True,221,44,177,19.91,-8.71,4.66,0
dr_sweep_pa,all,ema20,1.0,swing,False,195,100,95,51.28,-7.39,6.53,3
dr_sweep_pa,all,ema20,1.0,swing,True,195,74,121,37.95,-9.48,6.4,1
dr_sweep_pa,all,ema20,1.0,day_trade,False,220,50,170,22.73,-7.77,5.18,1
dr_sweep_pa,all,ema20,1.0,day_trade,True,221,38,183,17.19,-8.73,4.6,0
dr_sweep_pa,all,ema20,1.2,swing,False,189,90,99,47.62,-7.1,7.14,4
dr_sweep_pa,all,ema20,1.2,swing,True,195,62,133,31.79,-9.59,6.17,1
dr_sweep_pa,all,ema20,1.2,day_trade,False,215,45,170,20.93,-7.73,5.34,2
dr_sweep_pa,all,ema20,1.2,day_trade,True,221,34,187,15.38,-8.73,4.58,0
dr_sweep_pa,all,ema20,1.4,swing,False,186,81,105,43.55,-7.11,6.8,3
dr_sweep_pa,all,ema20,1.4,swing,True,194,54,140,27.84,-9.13,6.43,1
dr_sweep_pa,all,ema20,1.4,day_trade,False,215,44,171,20.47,-7.45,5.57,2
dr_sweep_pa,all,ema20,1.4,day_trade,True,221,33,188,14.93,-8.5,4.59,1
dr_sweep_pa,all,ema20,1.5,swing,False,186,80,106,43.01,-6.55,7.08,3
dr_sweep_pa,all,ema20,1.5,swing,True,194,53,141,27.32,-8.72,6.64,3
dr_sweep_pa,all,ema20,1.5,day_trade,False,215,44,171,20.47,-7.28,5.67,2
dr_sweep_pa,all,ema20,1.5,day_trade,True,221,33,188,14.93,-8.38,4.61,1
dr_sweep_pa,all,ema20,1.6,swing,False,185,78,107,42.16,-6.31,6.62,3
dr_sweep_pa,all,ema20,1.6,swing,True,194,50,144,25.77,-8.73,6.39,2
dr_sweep_pa,all,ema20,1.6,day_trade,False,214,42,172,19.63,-7.62,5.04,1
dr_sweep_pa,all,ema20,1.6,day_trade,True,221,32,189,14.48,-8.55,4.11,0
dr_sweep_pa,all,ema20,1.8,swing,False,182,72,110,39.56,-7.01,7.63,5
dr_sweep_pa,all,ema20,1.8,swing,True,193,45,148,23.32,-9.17,7.3,2
dr_sweep_pa,all,ema20,1.8,day_trade,False,214,41,173,19.16,-8.04,5.08,1
dr_sweep_pa,all,ema20,1.8,day_trade,True,221,31,190,14.03,-8.97,3.84,0
dr_sweep_pa,all,ema20,2.0,swing,False,181,70,111,38.67,-6.15,8.0,5
dr_sweep_pa,all,ema20,2.0,swing,True,193,44,149,22.8,-8.52,7.58,2
dr_sweep_pa,all,ema20,2.0,day_trade,False,214,41,173,19.16,-7.89,5.16,1
dr_sweep_pa,all,ema20,2.0,day_trade,True,221,31,190,14.03,-8.87,3.77,0
dr_sweep_pa,all,ema20,2.5,swing,False,180,66,114,36.67,-4.64,9.39,6
dr_sweep_pa,all,ema20,2.5,swing,True,193,40,153,20.73,-7.64,8.49,3
dr_sweep_pa,all,ema20,2.5,day_trade,False,214,41,173,19.16,-7.69,5.52,1
dr_sweep_pa,all,ema20,2.5,day_trade,True,221,31,190,14.03,-8.85,3.71,0
dr_sweep_pa,all,none,0.8,swing,False,954,529,425,55.45,-34.29,10.76,0
dr_sweep_pa,all,none,0.8,swing,True,954,415,539,43.5,-41.86,13.15,0
dr_sweep_pa,all,none,0.8,day_trade,False,1154,333,821,28.86,-33.4,10.37,0
dr_sweep_pa,all,none,0.8,day_trade,True,1154,272,882,23.57,-37.83,11.66,0
dr_sweep_pa,all,none,1.0,swing,False,917,471,446,51.36,-30.68,11.34,0
dr_sweep_pa,all,none,1.0,swing,True,952,360,592,37.82,-39.46,12.64,0
dr_sweep_pa,all,none,1.0,day_trade,False,1124,289,835,25.71,-32.92,10.51,0
dr_sweep_pa,all,none,1.0,day_trade,True,1152,238,914,20.66,-37.42,11.17,0
dr_sweep_pa,all,none,1.2,swing,False,884,420,464,47.51,-29.26,13.33,1
dr_sweep_pa,all,none,1.2,swing,True,951,307,644,32.28,-38.96,12.95,0
dr_sweep_pa,all,none,1.2,day_trade,False,1109,268,841,24.17,-32.25,11.53,0
dr_sweep_pa,all,none,1.2,day_trade,True,1151,217,934,18.85,-37.41,10.88,0
dr_sweep_pa,all,none,1.4,swing,False,857,369,488,43.06,-29.98,16.45,1
dr_sweep_pa,all,none,1.4,swing,True,948,261,687,27.53,-39.66,15.13,0
dr_sweep_pa,all,none,1.4,day_trade,False,1102,256,846,23.23,-31.94,11.81,0
dr_sweep_pa,all,none,1.4,day_trade,True,1150,206,944,17.91,-37.13,10.96,0
dr_sweep_pa,all,none,1.5,swing,False,851,360,491,42.3,-28.32,17.2,1
dr_sweep_pa,all,none,1.5,swing,True,947,248,699,26.19,-39.24,15.94,0
dr_sweep_pa,all,none,1.5,day_trade,False,1101,251,850,22.8,-31.96,11.82,0
dr_sweep_pa,all,none,1.5,day_trade,True,1150,201,949,17.48,-37.35,10.9,0
dr_sweep_pa,all,none,1.6,swing,False,843,349,494,41.4,-27.17,18.06,1
dr_sweep_pa,all,none,1.6,swing,True,947,236,711,24.92,-38.88,16.98,0
dr_sweep_pa,all,none,1.6,day_trade,False,1099,247,852,22.47,-32.31,12.13,0
dr_sweep_pa,all,none,1.6,day_trade,True,1150,198,952,17.22,-37.75,11.19,0
dr_sweep_pa,all,none,1.8,swing,False,833,333,500,39.98,-24.95,19.29,2
dr_sweep_pa,all,none,1.8,swing,True,946,220,726,23.26,-38.22,18.62,0
dr_sweep_pa,all,none,1.8,day_trade,False,1097,243,854,22.15,-32.44,11.47,0
dr_sweep_pa,all,none,1.8,day_trade,True,1150,195,955,16.96,-37.91,11.4,0
dr_sweep_pa,all,none,2.0,swing,False,826,316,510,38.26,-23.0,21.09,2
dr_sweep_pa,all,none,2.0,swing,True,946,205,741,21.67,-37.31,19.87,2
dr_sweep_pa,all,none,2.0,day_trade,False,1097,243,854,22.15,-31.91,11.95,0
dr_sweep_pa,all,none,2.0,day_trade,True,1150,195,955,16.96,-37.71,11.57,0
dr_sweep_pa,all,none,2.5,swing,False,812,278,534,34.24,-20.3,20.93,2
dr_sweep_pa,all,none,2.5,swing,True,944,180,764,19.07,-34.55,20.32,2
dr_sweep_pa,all,none,2.5,day_trade,False,1096,242,854,22.08,-32.15,12.15,0
dr_sweep_pa,all,none,2.5,day_trade,True,1150,195,955,16.96,-37.55,11.41,0
dr_discount_pa,tbf_or_pin,ema20,0.8,swing,False,1087,622,465,57.22,-37.39,9.32,0
dr_discount_pa,tbf_or_pin,ema20,0.8,swing,True,1087,466,621,42.87,-46.65,12.05,0
dr_discount_pa,tbf_or_pin,ema20,0.8,day_trade,False,1265,357,908,28.22,-32.47,7.39,0
dr_discount_pa,tbf_or_pin,ema20,0.8,day_trade,True,1265,272,993,21.5,-38.12,9.29,0
dr_discount_pa,tbf_or_pin,ema20,1.0,swing,False,1020,533,487,52.25,-35.16,10.42,0
dr_discount_pa,tbf_or_pin,ema20,1.0,swing,True,1071,397,674,37.07,-44.17,12.02,0
dr_discount_pa,tbf_or_pin,ema20,1.0,day_trade,False,1223,307,916,25.1,-32.28,8.39,0
dr_discount_pa,tbf_or_pin,ema20,1.0,day_trade,True,1257,238,1019,18.93,-37.71,9.09,0
dr_discount_pa,tbf_or_pin,ema20,1.2,swing,False,972,468,504,48.15,-33.41,10.2,0
dr_discount_pa,tbf_or_pin,ema20,1.2,swing,True,1057,348,709,32.92,-42.18,11.73,0
dr_discount_pa,tbf_or_pin,ema20,1.2,day_trade,False,1195,279,916,23.35,-32.51,8.17,0
dr_discount_pa,tbf_or_pin,ema20,1.2,day_trade,True,1248,219,1029,17.55,-37.96,9.3,0
dr_discount_pa,tbf_or_pin,ema20,1.4,swing,False,935,412,523,44.06,-32.61,10.72,0
dr_discount_pa,tbf_or_pin,ema20,1.4,swing,True,1053,306,747,29.06,-41.36,12.2,0
dr_discount_pa,tbf_or_pin,ema20,1.4,day_trade,False,1179,260,919,22.05,-33.17,7.49,0
dr_discount_pa,tbf_or_pin,ema20,1.4,day_trade,True,1247,203,1044,16.28,-38.39,9.53,0
dr_discount_pa,tbf_or_pin,ema20,1.5,swing,False,926,398,528,42.98,-31.16,10.78,0
dr_discount_pa,tbf_or_pin,ema20,1.5,swing,True,1051,295,756,28.07,-40.04,11.42,0
dr_discount_pa,tbf_or_pin,ema20,1.5,day_trade,False,1176,256,920,21.77,-32.99,7.5,0
dr_discount_pa,tbf_or_pin,ema20,1.5,day_trade,True,1246,201,1045,16.13,-38.25,9.51,0
dr_discount_pa,tbf_or_pin,ema20,1.6,swing,False,913,384,529,42.06,-29.42,10.55,0
dr_discount_pa,tbf_or_pin,ema20,1.6,swing,True,1043,282,761,27.04,-38.7,10.81,0
dr_discount_pa,tbf_or_pin,ema20,1.6,day_trade,False,1167,252,915,21.59,-32.73,8.07,0
dr_discount_pa,tbf_or_pin,ema20,1.6,day_trade,True,1240,197,1043,15.89,-38.15,9.9,0
dr_discount_pa,tbf_or_pin,ema20,1.8,swing,False,886,352,534,39.73,-28.03,11.71,0
dr_discount_pa,tbf_or_pin,ema20,1.8,swing,True,1033,257,776,24.88,-37.92,11.16,0
dr_discount_pa,tbf_or_pin,ema20,1.8,day_trade,False,1161,245,916,21.1,-33.3,8.83,0
dr_discount_pa,tbf_or_pin,ema20,1.8,day_trade,True,1236,192,1044,15.53,-38.67,10.45,0
dr_discount_pa,tbf_or_pin,ema20,2.0,swing,False,865,330,535,38.15,-26.28,13.04,0
dr_discount_pa,tbf_or_pin,ema20,2.0,swing,True,1026,237,789,23.1,-37.62,12.26,0
dr_discount_pa,tbf_or_pin,ema20,2.0,day_trade,False,1155,240,915,20.78,-33.18,8.62,0
dr_discount_pa,tbf_or_pin,ema20,2.0,day_trade,True,1235,190,1045,15.38,-38.68,10.29,0
dr_discount_pa,tbf_or_pin,ema20,2.5,swing,False,827,289,538,34.95,-21.02,15.12,1
dr_discount_pa,tbf_or_pin,ema20,2.5,swing,True,1008,206,802,20.44,-33.79,12.3,0
dr_discount_pa,tbf_or_pin,ema20,2.5,day_trade,False,1147,233,914,20.31,-32.9,8.98,0
dr_discount_pa,tbf_or_pin,ema20,2.5,day_trade,True,1231,185,1046,15.03,-38.57,9.93,0
dr_discount_pa,tbf_or_pin,none,0.8,swing,False,4211,2401,1810,57.02,-149.55,41.33,0
dr_discount_pa,tbf_or_pin,none,0.8,swing,True,4211,1825,2386,43.34,-184.12,58.79,0
dr_discount_pa,tbf_or_pin,none,0.8,day_trade,False,5180,1653,3527,31.91,-128.06,30.45,0
dr_discount_pa,tbf_or_pin,none,0.8,day_trade,True,5180,1295,3885,25.0,-151.34,41.09,0
dr_discount_pa,tbf_or_pin,none,1.0,swing,False,3821,1986,1835,51.98,-135.94,40.0,0
dr_discount_pa,tbf_or_pin,none,1.0,swing,True,4105,1515,2590,36.91,-174.94,56.26,0
dr_discount_pa,tbf_or_pin,none,1.0,day_trade,False,4874,1375,3499,28.21,-122.72,27.96,0
dr_discount_pa,tbf_or_pin,none,1.0,day_trade,True,5080,1089,3991,21.44,-148.21,38.69,0
dr_discount_pa,tbf_or_pin,none,1.2,swing,False,3523,1704,1819,48.37,-121.19,36.88,0
dr_discount_pa,tbf_or_pin,none,1.2,swing,True,3980,1290,2690,32.41,-165.49,53.87,0
dr_discount_pa,tbf_or_pin,none,1.2,day_trade,False,4668,1221,3447,26.16,-117.8,27.12,0
dr_discount_pa,tbf_or_pin,none,1.2,day_trade,True,4978,972,4006,19.53,-146.43,38.42,0
dr_discount_pa,tbf_or_pin,none,1.4,swing,False,3283,1483,1800,45.17,-109.2,33.17,0
dr_discount_pa,tbf_or_pin,none,1.4,swing,True,3886,1132,2754,29.13,-157.56,50.47,0
dr_discount_pa,tbf_or_pin,none,1.4,day_trade,False,4529,1130,3399,24.95,-115.25,26.17,0
dr_discount_pa,tbf_or_pin,none,1.4,day_trade,True,4897,906,3991,18.5,-144.42,37.92,0
dr_discount_pa,tbf_or_pin,none,1.5,swing,False,3208,1411,1797,43.98,-103.19,31.72,0
dr_discount_pa,tbf_or_pin,none,1.5,swing,True,3849,1077,2772,27.98,-152.64,48.58,0
dr_discount_pa,tbf_or_pin,none,1.5,day_trade,False,4482,1102,3380,24.59,-113.3,25.55,0
dr_discount_pa,tbf_or_pin,none,1.5,day_trade,True,4869,887,3982,18.22,-143.33,37.27,0
dr_discount_pa,tbf_or_pin,none,1.6,swing,False,3107,1324,1783,42.61,-100.08,31.95,0
dr_discount_pa,tbf_or_pin,none,1.6,swing,True,3813,1015,2798,26.62,-150.04,48.25,0
dr_discount_pa,tbf_or_pin,none,1.6,day_trade,False,4425,1068,3357,24.14,-112.76,26.0,0
dr_discount_pa,tbf_or_pin,none,1.6,day_trade,True,4844,865,3979,17.86,-142.54,37.36,0
dr_discount_pa,tbf_or_pin,none,1.8,swing,False,2961,1188,1773,40.12,-92.53,30.33,0
dr_discount_pa,tbf_or_pin,none,1.8,swing,True,3739,912,2827,24.39,-144.58,48.02,0
dr_discount_pa,tbf_or_pin,none,1.8,day_trade,False,4358,1038,3320,23.82,-111.84,25.93,0
dr_discount_pa,tbf_or_pin,none,1.8,day_trade,True,4801,846,3955,17.62,-141.99,38.22,0
dr_discount_pa,tbf_or_pin,none,2.0,swing,False,2859,1097,1762,38.37,-84.24,31.56,0
dr_discount_pa,tbf_or_pin,none,2.0,swing,True,3682,843,2839,22.9,-138.53,48.38,0
dr_discount_pa,tbf_or_pin,none,2.0,day_trade,False,4311,1008,3303,23.38,-111.23,27.53,0
dr_discount_pa,tbf_or_pin,none,2.0,day_trade,True,4771,823,3948,17.25,-142.0,38.61,0
dr_discount_pa,tbf_or_pin,none,2.5,swing,False,2629,893,1736,33.97,-73.15,35.56,0
dr_discount_pa,tbf_or_pin,none,2.5,swing,True,3552,690,2862,19.43,-129.54,50.4,0
dr_discount_pa,tbf_or_pin,none,2.5,day_trade,False,4230,974,3256,23.03,-109.74,27.37,0
dr_discount_pa,tbf_or_pin,none,2.5,day_trade,True,4718,799,3919,16.94,-141.02,37.94,0
dr_discount_pa,pin_only,ema20,0.8,swing,False,912,515,397,56.47,-32.23,6.85,0
dr_discount_pa,pin_only,ema20,0.8,swing,True,912,379,533,41.56,-40.05,9.64,0
dr_discount_pa,pin_only,ema20,0.8,day_trade,False,1042,289,753,27.74,-26.24,5.75,0
dr_discount_pa,pin_only,ema20,0.8,day_trade,True,1042,213,829,20.44,-31.11,6.92,0
dr_discount_pa,pin_only,ema20,1.0,swing,False,864,449,415,51.97,-29.51,8.98,0
dr_discount_pa,pin_only,ema20,1.0,swing,True,905,324,581,35.8,-38.25,10.24,0
dr_discount_pa,pin_only,ema20,1.0,day_trade,False,1011,246,765,24.33,-26.15,7.64,0
dr_discount_pa,pin_only,ema20,1.0,day_trade,True,1038,183,855,17.63,-31.06,7.12,0
dr_discount_pa,pin_only,ema20,1.2,swing,False,822,392,430,47.69,-27.91,7.38,0
dr_discount_pa,pin_only,ema20,1.2,swing,True,889,285,604,32.06,-36.18,10.01,0
dr_discount_pa,pin_only,ema20,1.2,day_trade,False,985,219,766,22.23,-26.29,7.74,0
dr_discount_pa,pin_only,ema20,1.2,day_trade,True,1028,167,861,16.25,-31.08,7.21,0
dr_discount_pa,pin_only,ema20,1.4,swing,False,796,351,445,44.1,-27.02,9.33,0
dr_discount_pa,pin_only,ema20,1.4,swing,True,885,257,628,29.04,-35.06,10.27,0
dr_discount_pa,pin_only,ema20,1.4,day_trade,False,971,203,768,20.91,-26.88,6.43,0
dr_discount_pa,pin_only,ema20,1.4,day_trade,True,1025,156,869,15.22,-31.22,6.95,0
dr_discount_pa,pin_only,ema20,1.5,swing,False,788,337,451,42.77,-26.38,8.57,0
dr_discount_pa,pin_only,ema20,1.5,swing,True,885,248,637,28.02,-34.32,9.79,0
dr_discount_pa,pin_only,ema20,1.5,day_trade,False,970,201,769,20.72,-26.49,6.45,0
dr_discount_pa,pin_only,ema20,1.5,day_trade,True,1025,155,870,15.12,-31.03,6.93,0
dr_discount_pa,pin_only,ema20,1.6,swing,False,778,325,453,41.77,-25.3,8.68,0
dr_discount_pa,pin_only,ema20,1.6,swing,True,878,234,644,26.65,-34.0,9.65,0
dr_discount_pa,pin_only,ema20,1.6,day_trade,False,965,197,768,20.41,-26.53,6.73,0
dr_discount_pa,pin_only,ema20,1.6,day_trade,True,1021,151,870,14.79,-31.11,7.25,0
dr_discount_pa,pin_only,ema20,1.8,swing,False,755,298,457,39.47,-24.22,9.51,0
dr_discount_pa,pin_only,ema20,1.8,swing,True,872,213,659,24.43,-33.49,10.51,0
dr_discount_pa,pin_only,ema20,1.8,day_trade,False,959,188,771,19.6,-27.37,6.65,0
dr_discount_pa,pin_only,ema20,1.8,day_trade,True,1019,145,874,14.23,-31.8,7.64,0
dr_discount_pa,pin_only,ema20,2.0,swing,False,743,282,461,37.95,-22.7,10.84,0
dr_discount_pa,pin_only,ema20,2.0,swing,True,866,199,667,22.98,-32.59,10.86,0
dr_discount_pa,pin_only,ema20,2.0,day_trade,False,954,185,769,19.39,-27.1,6.57,0
dr_discount_pa,pin_only,ema20,2.0,day_trade,True,1017,144,873,14.16,-31.69,7.51,0
dr_discount_pa,pin_only,ema20,2.5,swing,False,717,244,473,34.03,-19.94,12.88,0
dr_discount_pa,pin_only,ema20,2.5,swing,True,852,170,682,19.95,-30.08,11.9,0
dr_discount_pa,pin_only,ema20,2.5,day_trade,False,947,180,767,19.01,-27.02,7.09,0
dr_discount_pa,pin_only,ema20,2.5,day_trade,True,1014,141,873,13.91,-31.59,7.3,0
dr_discount_pa,pin_only,none,0.8,swing,False,3726,2118,1608,56.84,-133.86,31.89,0
dr_discount_pa,pin_only,none,0.8,swing,True,3726,1594,2132,42.78,-164.86,46.44,0
dr_discount_pa,pin_only,none,0.8,day_trade,False,4463,1432,3031,32.09,-107.92,23.61,0
dr_discount_pa,pin_only,none,0.8,day_trade,True,4463,1112,3351,24.92,-128.53,30.93,0
dr_discount_pa,pin_only,none,1.0,swing,False,3433,1778,1655,51.79,-123.0,31.18,0
dr_discount_pa,pin_only,none,1.0,swing,True,3651,1314,2337,35.99,-158.54,45.1,0
dr_discount_pa,pin_only,none,1.0,day_trade,False,4236,1206,3030,28.47,-104.93,22.19,0
dr_discount_pa,pin_only,none,1.0,day_trade,True,4388,932,3456,21.24,-127.66,30.69,0
dr_discount_pa,pin_only,none,1.2,swing,False,3204,1540,1664,48.06,-112.37,31.1,0
dr_discount_pa,pin_only,none,1.2,swing,True,3554,1125,2429,31.65,-150.37,44.4,0
dr_discount_pa,pin_only,none,1.2,day_trade,False,4079,1082,2997,26.53,-101.15,22.11,0
dr_discount_pa,pin_only,none,1.2,day_trade,True,4308,832,3476,19.31,-126.65,30.01,0
dr_discount_pa,pin_only,none,1.4,swing,False,3012,1355,1657,44.99,-102.44,28.9,0
dr_discount_pa,pin_only,none,1.4,swing,True,3494,985,2509,28.19,-145.51,42.8,0
dr_discount_pa,pin_only,none,1.4,day_trade,False,3980,1006,2974,25.28,-99.68,21.87,0
dr_discount_pa,pin_only,none,1.4,day_trade,True,4261,773,3488,18.14,-126.07,30.95,0
dr_discount_pa,pin_only,none,1.5,swing,False,2944,1292,1652,43.89,-96.76,29.13,0
dr_discount_pa,pin_only,none,1.5,swing,True,3468,936,2532,26.99,-142.6,42.83,0
dr_discount_pa,pin_only,none,1.5,day_trade,False,3942,981,2961,24.89,-98.13,21.75,0
dr_discount_pa,pin_only,none,1.5,day_trade,True,4241,758,3483,17.87,-125.37,30.96,0
dr_discount_pa,pin_only,none,1.6,swing,False,2861,1217,1644,42.54,-93.18,28.62,0
dr_discount_pa,pin_only,none,1.6,swing,True,3442,883,2559,25.65,-140.89,43.21,0
dr_discount_pa,pin_only,none,1.6,day_trade,False,3902,952,2950,24.4,-98.01,21.34,0
dr_discount_pa,pin_only,none,1.6,day_trade,True,4224,743,3481,17.59,-124.69,30.76,0
dr_discount_pa,pin_only,none,1.8,swing,False,2746,1110,1636,40.42,-85.97,28.37,0
dr_discount_pa,pin_only,none,1.8,swing,True,3388,803,2585,23.7,-136.09,44.14,0
dr_discount_pa,pin_only,none,1.8,day_trade,False,3847,919,2928,23.89,-98.07,23.22,0
dr_discount_pa,pin_only,none,1.8,day_trade,True,4193,721,3472,17.2,-124.83,32.51,0
dr_discount_pa,pin_only,none,2.0,swing,False,2654,1030,1624,38.81,-77.55,27.8,0
dr_discount_pa,pin_only,none,2.0,swing,True,3343,752,2591,22.49,-128.92,42.91,0
dr_discount_pa,pin_only,none,2.0,day_trade,False,3811,900,2911,23.62,-96.43,23.76,0
dr_discount_pa,pin_only,none,2.0,day_trade,True,4171,708,3463,16.97,-124.0,31.84,0
dr_discount_pa,pin_only,none,2.5,swing,False,2456,841,1615,34.24,-69.31,27.94,0
dr_discount_pa,pin_only,none,2.5,swing,True,3233,612,2621,18.93,-122.07,42.34,0
dr_discount_pa,pin_only,none,2.5,day_trade,False,3747,875,2872,23.35,-94.92,22.84,0
dr_discount_pa,pin_only,none,2.5,day_trade,True,4133,692,3441,16.74,-123.35,31.9,0
dr_discount_pa,tbf_only,ema20,0.8,swing,False,595,350,245,58.82,-19.82,6.18,0
dr_discount_pa,tbf_only,ema20,0.8,swing,True,595,277,318,46.55,-24.45,7.9,0
dr_discount_pa,tbf_only,ema20,0.8,day_trade,False,631,177,454,28.05,-17.63,5.97,0
dr_discount_pa,tbf_only,ema20,0.8,day_trade,True,631,144,487,22.82,-19.84,6.57,0
dr_discount_pa,tbf_only,ema20,1.0,swing,False,576,307,269,53.3,-19.79,6.7,0
dr_discount_pa,tbf_only,ema20,1.0,swing,True,592,239,353,40.37,-23.38,7.97,0
dr_discount_pa,tbf_only,ema20,1.0,day_trade,False,618,160,458,25.89,-17.7,5.77,0
dr_discount_pa,tbf_only,ema20,1.0,day_trade,True,628,131,497,20.86,-19.69,6.47,0
dr_discount_pa,tbf_only,ema20,1.2,swing,False,561,277,284,49.38,-19.35,7.69,0
dr_discount_pa,tbf_only,ema20,1.2,swing,True,590,210,380,35.59,-22.86,8.78,0
dr_discount_pa,tbf_only,ema20,1.2,day_trade,False,613,150,463,24.47,-17.93,6.27,0
dr_discount_pa,tbf_only,ema20,1.2,day_trade,True,628,122,506,19.43,-19.97,7.06,0
dr_discount_pa,tbf_only,ema20,1.4,swing,False,549,252,297,45.9,-17.77,6.73,0
dr_discount_pa,tbf_only,ema20,1.4,swing,True,587,184,403,31.35,-21.97,8.87,0
dr_discount_pa,tbf_only,ema20,1.4,day_trade,False,611,145,466,23.73,-17.88,6.01,0
dr_discount_pa,tbf_only,ema20,1.4,day_trade,True,627,114,513,18.18,-20.17,7.12,0
dr_discount_pa,tbf_only,ema20,1.5,swing,False,545,241,304,44.22,-17.45,6.62,0
dr_discount_pa,tbf_only,ema20,1.5,swing,True,586,173,413,29.52,-21.65,9.18,0
dr_discount_pa,tbf_only,ema20,1.5,day_trade,False,609,142,467,23.32,-18.08,6.11,0
dr_discount_pa,tbf_only,ema20,1.5,day_trade,True,626,112,514,17.89,-20.26,6.98,0
dr_discount_pa,tbf_only,ema20,1.6,swing,False,537,231,306,43.02,-17.01,7.41,0
dr_discount_pa,tbf_only,ema20,1.6,swing,True,584,165,419,28.25,-21.57,9.27,0
dr_discount_pa,tbf_only,ema20,1.6,day_trade,False,605,140,465,23.14,-18.01,6.11,0
dr_discount_pa,tbf_only,ema20,1.6,day_trade,True,625,112,513,17.92,-20.14,7.0,0
dr_discount_pa,tbf_only,ema20,1.8,swing,False,530,217,313,40.94,-15.86,7.8,0
dr_discount_pa,tbf_only,ema20,1.8,swing,True,581,154,427,26.51,-20.54,9.15,0
dr_discount_pa,tbf_only,ema20,1.8,day_trade,False,603,138,465,22.89,-17.88,5.99,0
dr_discount_pa,tbf_only,ema20,1.8,day_trade,True,624,111,513,17.79,-19.97,7.04,0
dr_discount_pa,tbf_only,ema20,2.0,swing,False,524,206,318,39.31,-15.2,8.74,1
dr_discount_pa,tbf_only,ema20,2.0,swing,True,581,144,437,24.78,-20.32,9.76,0
dr_discount_pa,tbf_only,ema20,2.0,day_trade,False,600,135,465,22.5,-18.25,5.99,0
dr_discount_pa,tbf_only,ema20,2.0,day_trade,True,624,108,516,17.31,-20.47,6.86,0
dr_discount_pa,tbf_only,ema20,2.5,swing,False,507,181,326,35.7,-12.69,10.71,3
dr_discount_pa,tbf_only,ema20,2.5,swing,True,572,123,449,21.5,-18.41,9.41,0
dr_discount_pa,tbf_only,ema20,2.5,day_trade,False,599,133,466,22.2,-18.23,5.49,0
dr_discount_pa,tbf_only,ema20,2.5,day_trade,True,623,106,517,17.01,-20.54,6.57,0
dr_discount_pa,tbf_only,none,0.8,swing,False,2501,1422,1079,56.86,-91.55,21.54,0
dr_discount_pa,tbf_only,none,0.8,swing,True,2501,1136,1365,45.42,-108.56,28.93,0
dr_discount_pa,tbf_only,none,0.8,day_trade,False,2816,861,1955,30.58,-73.75,16.2,0
dr_discount_pa,tbf_only,none,0.8,day_trade,True,2816,723,2093,25.67,-82.27,21.08,0
dr_discount_pa,tbf_only,none,1.0,swing,False,2358,1231,1127,52.21,-85.57,20.67,0
dr_discount_pa,tbf_only,none,1.0,swing,True,2470,967,1503,39.15,-103.67,27.21,0
dr_discount_pa,tbf_only,none,1.0,day_trade,False,2725,757,1968,27.78,-71.79,15.6,0
dr_discount_pa,tbf_only,none,1.0,day_trade,True,2782,630,2152,22.65,-80.87,19.63,0
dr_discount_pa,tbf_only,none,1.2,swing,False,2249,1085,1164,48.24,-79.98,20.81,0
dr_discount_pa,tbf_only,none,1.2,swing,True,2434,822,1612,33.77,-101.04,28.73,0
dr_discount_pa,tbf_only,none,1.2,day_trade,False,2673,700,1973,26.19,-71.4,17.45,0
dr_discount_pa,tbf_only,none,1.2,day_trade,True,2759,575,2184,20.84,-81.62,21.34,0
dr_discount_pa,tbf_only,none,1.4,swing,False,2159,989,1170,45.81,-70.15,18.3,0
dr_discount_pa,tbf_only,none,1.4,swing,True,2403,741,1662,30.84,-95.3,26.91,0
dr_discount_pa,tbf_only,none,1.4,day_trade,False,2628,667,1961,25.38,-69.84,16.36,0
dr_discount_pa,tbf_only,none,1.4,day_trade,True,2735,548,2187,20.04,-81.01,20.99,0
dr_discount_pa,tbf_only,none,1.5,swing,False,2128,949,1179,44.6,-66.05,18.96,0
dr_discount_pa,tbf_only,none,1.5,swing,True,2390,710,1680,29.71,-91.8,26.77,0
dr_discount_pa,tbf_only,none,1.5,day_trade,False,2616,660,1956,25.23,-68.97,16.34,0
dr_discount_pa,tbf_only,none,1.5,day_trade,True,2725,543,2182,19.93,-80.29,20.48,0
dr_discount_pa,tbf_only,none,1.6,swing,False,2095,905,1190,43.2,-64.82,20.69,0
dr_discount_pa,tbf_only,none,1.6,swing,True,2381,676,1705,28.39,-90.27,28.47,0
dr_discount_pa,tbf_only,none,1.6,day_trade,False,2600,650,1950,25.0,-68.5,16.27,0
dr_discount_pa,tbf_only,none,1.6,day_trade,True,2718,535,2183,19.68,-80.09,20.69,0
dr_discount_pa,tbf_only,none,1.8,swing,False,2035,836,1199,41.08,-58.94,21.23,0
dr_discount_pa,tbf_only,none,1.8,swing,True,2363,619,1744,26.2,-87.6,28.19,0
dr_discount_pa,tbf_only,none,1.8,day_trade,False,2583,640,1943,24.78,-68.3,15.68,0
dr_discount_pa,tbf_only,none,1.8,day_trade,True,2706,530,2176,19.59,-79.76,20.33,0
dr_discount_pa,tbf_only,none,2.0,swing,False,1978,773,1205,39.08,-55.06,23.53,0
dr_discount_pa,tbf_only,none,2.0,swing,True,2342,573,1769,24.47,-84.71,28.77,0
dr_discount_pa,tbf_only,none,2.0,day_trade,False,2565,626,1939,24.41,-69.14,17.04,0
dr_discount_pa,tbf_only,none,2.0,day_trade,True,2695,518,2177,19.22,-80.53,21.23,0
dr_discount_pa,tbf_only,none,2.5,swing,False,1891,659,1232,34.85,-48.85,23.35,0
dr_discount_pa,tbf_only,none,2.5,swing,True,2295,485,1810,21.13,-78.0,30.05,0
dr_discount_pa,tbf_only,none,2.5,day_trade,False,2551,615,1936,24.11,-69.65,17.2,0
dr_discount_pa,tbf_only,none,2.5,day_trade,True,2683,506,2177,18.86,-80.59,21.42,0
dr_discount_pa,all,ema20,0.8,swing,False,1277,725,552,56.77,-44.78,12.42,0
dr_discount_pa,all,ema20,0.8,swing,True,1277,548,729,42.91,-55.66,17.4,0
dr_discount_pa,all,ema20,0.8,day_trade,False,1517,444,1073,29.27,-39.83,10.03,0
dr_discount_pa,all,ema20,0.8,day_trade,True,1517,336,1181,22.15,-47.39,13.07,0
dr_discount_pa,all,ema20,1.0,swing,False,1180,609,571,51.61,-41.58,11.75,0
dr_discount_pa,all,ema20,1.0,swing,True,1254,460,794,36.68,-52.94,16.82,0
dr_discount_pa,all,ema20,1.0,day_trade,False,1443,370,1073,25.64,-39.4,10.79,0
dr_discount_pa,all,ema20,1.0,day_trade,True,1498,288,1210,19.23,-46.79,12.86,0
dr_discount_pa,all,ema20,1.2,swing,False,1122,532,590,47.42,-39.54,12.09,0
dr_discount_pa,all,ema20,1.2,swing,True,1234,395,839,32.01,-51.2,17.69,0
dr_discount_pa,all,ema20,1.2,day_trade,False,1406,332,1074,23.61,-40.4,10.57,0
dr_discount_pa,all,ema20,1.2,day_trade,True,1483,259,1224,17.46,-47.52,13.38,0
dr_discount_pa,all,ema20,1.4,swing,False,1078,471,607,43.69,-37.93,13.88,0
dr_discount_pa,all,ema20,1.4,swing,True,1228,348,880,28.34,-50.11,17.79,0
dr_discount_pa,all,ema20,1.4,day_trade,False,1385,312,1073,22.53,-39.96,10.62,0
dr_discount_pa,all,ema20,1.4,day_trade,True,1481,245,1236,16.54,-46.98,13.05,0
dr_discount_pa,all,ema20,1.5,swing,False,1067,456,611,42.74,-35.75,13.94,0
dr_discount_pa,all,ema20,1.5,swing,True,1225,336,889,27.43,-48.29,17.23,0
dr_discount_pa,all,ema20,1.5,day_trade,False,1381,309,1072,22.38,-39.24,10.77,0
dr_discount_pa,all,ema20,1.5,day_trade,True,1479,243,1236,16.43,-46.38,12.99,0
dr_discount_pa,all,ema20,1.6,swing,False,1052,442,610,42.02,-32.97,13.46,0
dr_discount_pa,all,ema20,1.6,swing,True,1217,321,896,26.38,-46.68,16.08,0
dr_discount_pa,all,ema20,1.6,day_trade,False,1370,304,1066,22.19,-38.69,11.0,0
dr_discount_pa,all,ema20,1.6,day_trade,True,1473,237,1236,16.09,-46.14,12.97,0
dr_discount_pa,all,ema20,1.8,swing,False,1020,402,618,39.41,-32.42,12.7,0
dr_discount_pa,all,ema20,1.8,swing,True,1205,289,916,23.98,-45.91,15.64,0
dr_discount_pa,all,ema20,1.8,day_trade,False,1362,293,1069,21.51,-40.06,11.09,0
dr_discount_pa,all,ema20,1.8,day_trade,True,1468,229,1239,15.6,-47.03,13.5,0
dr_discount_pa,all,ema20,2.0,swing,False,999,379,620,37.94,-29.77,13.85,0
dr_discount_pa,all,ema20,2.0,swing,True,1198,269,929,22.45,-44.64,15.88,0
dr_discount_pa,all,ema20,2.0,day_trade,False,1354,288,1066,21.27,-39.69,11.08,0
dr_discount_pa,all,ema20,2.0,day_trade,True,1466,227,1239,15.48,-46.65,13.3,0
dr_discount_pa,all,ema20,2.5,swing,False,952,329,623,34.56,-23.92,16.04,2
dr_discount_pa,all,ema20,2.5,swing,True,1178,234,944,19.86,-39.68,15.39,0
dr_discount_pa,all,ema20,2.5,day_trade,False,1342,282,1060,21.01,-38.72,11.24,0
dr_discount_pa,all,ema20,2.5,day_trade,True,1457,222,1235,15.24,-46.12,12.53,0
dr_discount_pa,all,none,0.8,swing,False,4624,2619,2005,56.64,-167.75,54.27,0
dr_discount_pa,all,none,0.8,swing,True,4624,2026,2598,43.81,-204.54,74.49,0
dr_discount_pa,all,none,0.8,day_trade,False,5786,1872,3914,32.35,-147.74,36.67,0
dr_discount_pa,all,none,0.8,day_trade,True,5786,1479,4307,25.56,-174.56,51.64,0
dr_discount_pa,all,none,1.0,swing,False,4125,2131,1994,51.66,-150.28,51.09,0
dr_discount_pa,all,none,1.0,swing,True,4475,1663,2812,37.16,-193.41,69.94,0
dr_discount_pa,all,none,1.0,day_trade,False,5416,1551,3865,28.64,-139.95,34.66,0
dr_discount_pa,all,none,1.0,day_trade,True,5644,1245,4399,22.06,-169.4,47.85,0
dr_discount_pa,all,none,1.2,swing,False,3773,1803,1970,47.79,-134.87,47.3,0
dr_discount_pa,all,none,1.2,swing,True,4335,1413,2922,32.6,-183.61,68.2,0
dr_discount_pa,all,none,1.2,day_trade,False,5155,1378,3777,26.73,-134.03,33.99,0
dr_discount_pa,all,none,1.2,day_trade,True,5524,1113,4411,20.15,-167.5,48.79,0
dr_discount_pa,all,none,1.4,swing,False,3499,1555,1944,44.44,-123.04,43.96,0
dr_discount_pa,all,none,1.4,swing,True,4204,1216,2988,28.92,-176.72,64.76,0
dr_discount_pa,all,none,1.4,day_trade,False,4977,1264,3713,25.4,-131.41,33.08,0
dr_discount_pa,all,none,1.4,day_trade,True,5424,1028,4396,18.95,-164.99,47.95,0
dr_discount_pa,all,none,1.5,swing,False,3398,1469,1929,43.23,-116.38,42.62,0
dr_discount_pa,all,none,1.5,swing,True,4148,1149,2999,27.7,-171.58,63.54,0
dr_discount_pa,all,none,1.5,day_trade,False,4915,1225,3690,24.92,-129.06,33.1,0
dr_discount_pa,all,none,1.5,day_trade,True,5381,997,4384,18.53,-163.76,48.02,0
dr_discount_pa,all,none,1.6,swing,False,3285,1377,1908,41.92,-111.43,40.68,0
dr_discount_pa,all,none,1.6,swing,True,4105,1081,3024,26.33,-167.73,62.37,0
dr_discount_pa,all,none,1.6,day_trade,False,4855,1187,3668,24.45,-128.28,33.46,0
dr_discount_pa,all,none,1.6,day_trade,True,5348,967,4381,18.08,-162.72,47.61,0
dr_discount_pa,all,none,1.8,swing,False,3117,1231,1886,39.49,-103.64,38.16,0
dr_discount_pa,all,none,1.8,swing,True,4017,968,3049,24.1,-161.62,60.33,0
dr_discount_pa,all,none,1.8,day_trade,False,4766,1142,3624,23.96,-127.89,32.48,0
dr_discount_pa,all,none,1.8,day_trade,True,5290,940,4350,17.77,-161.86,47.99,0
dr_discount_pa,all,none,2.0,swing,False,2987,1122,1865,37.56,-94.83,36.54,0
dr_discount_pa,all,none,2.0,swing,True,3945,891,3054,22.59,-154.83,58.25,0
dr_discount_pa,all,none,2.0,day_trade,False,4714,1111,3603,23.57,-125.9,33.87,0
dr_discount_pa,all,none,2.0,day_trade,True,5250,915,4335,17.43,-161.01,47.97,0
dr_discount_pa,all,none,2.5,swing,False,2721,907,1814,33.33,-83.01,39.42,0
dr_discount_pa,all,none,2.5,swing,True,3772,730,3042,19.35,-140.48,58.26,0
dr_discount_pa,all,none,2.5,day_trade,False,4605,1067,3538,23.17,-124.45,33.11,0
dr_discount_pa,all,none,2.5,day_trade,True,5174,887,4287,17.14,-159.47,46.56,0
